symbol,epoch,slug,orders_placed,orders_filled,orders_open,allocation_usdc,total_proceeds_usdc,yes_filled,no_filled,yes_unfilled,no_unfilled,pnl_if_yes_wins_usdc,pnl_if_no_wins_usdc,epoch_end_utc
eth,5m,eth-updown-5m-1775289300,3,3,0,100.0,101.9,100.0,100.0,0.0,0.0,1.9,1.9,2026-04-04T08:00:00Z
eth,5m,eth-updown-5m-1775289000,5,5,0,100.0,103.4,100.0,100.0,0.0,0.0,3.4,3.4,2026-04-04T07:55:00Z
eth,5m,eth-updown-5m-1775288700,9,9,0,100.0,102.7,100.0,100.0,0.0,0.0,2.7,2.7,2026-04-04T07:50:00Z
eth,5m,eth-updown-5m-1775288400,0,0,0,100.0,0,0,0,100.0,100.0,0.0,0.0,2026-04-04T07:45:00Z
eth,5m,eth-updown-5m-1775288100,0,0,0,100.0,0,0,0,100.0,100.0,0.0,0.0,2026-04-04T07:40:00Z
eth,5m,eth-updown-5m-1775287800,3,3,0,100.0,101.9,100.0,100.0,0.0,0.0,1.9,1.9,2026-04-04T07:35:00Z
eth,5m,eth-updown-5m-1775287500,0,0,0,100.0,0,0,0,100.0,100.0,0.0,0.0,2026-04-04T07:30:00Z
eth,5m,eth-updown-5m-1775287200,6,6,0,100.0,52.4,100.0,100.0,0.0,0.0,-47.6,-47.6,2026-04-04T07:25:00Z
eth,5m,eth-updown-5m-1775286900,3,3,0,100.0,101.9,100.0,100.0,0.0,0.0,1.9,1.9,2026-04-04T07:20:00Z
eth,5m,eth-updown-5m-1775286600,2,2,0,100.0,54.0,100.0,100.0,0.0,0.0,-46.0,-46.0,2026-04-04T07:15:00Z
eth,5m,eth-updown-5m-1775286300,0,0,0,100.0,0,0,0,100.0,100.0,0.0,0.0,2026-04-04T07:10:00Z
eth,5m,eth-updown-5m-1775286000,0,0,0,100.0,0,0,0,100.0,100.0,0.0,0.0,2026-04-04T07:05:00Z
eth,5m,eth-updown-5m-1775285700,0,0,0,100.0,0,0,0,100.0,100.0,0.0,0.0,2026-04-04T07:00:00Z
eth,5m,eth-updown-5m-1775285400,7,7,0,100.0,103.2,100.0,100.0,0.0,0.0,3.2,3.2,2026-04-04T06:55:00Z
eth,5m,eth-updown-5m-1775285100,3,3,0,100.0,101.9,100.0,100.0,0.0,0.0,1.9,1.9,2026-04-04T06:50:00Z
eth,5m,eth-updown-5m-1775284800,0,0,0,100.0,0,0,0,100.0,100.0,0.0,0.0,2026-04-04T06:45:00Z
eth,5m,eth-updown-5m-1775284500,2,2,0,100.0,100.0,100.0,100.0,0.0,0.0,0.0,0.0,2026-04-04T06:40:00Z
eth,5m,eth-updown-5m-1775284200,2,2,0,100.0,102.0,100.0,100.0,0.0,0.0,2.0,2.0,2026-04-04T06:35:00Z
eth,5m,eth-updown-5m-1775283900,0,0,0,100.0,0,0,0,100.0,100.0,0.0,0.0,2026-04-04T06:30:00Z
eth,5m,eth-updown-5m-1775283600,0,0,0,100.0,0,0,0,100.0,100.0,0.0,0.0,2026-04-04T06:25:00Z
eth,5m,eth-updown-5m-1775283300,8,8,0,100.0,103.3,100.0,100.0,0.0,0.0,3.3,3.3,2026-04-04T06:20:00Z
eth,5m,eth-updown-5m-1775283000,0,0,0,100.0,0,0,0,100.0,100.0,0.0,0.0,2026-04-04T06:15:00Z
eth,5m,eth-updown-5m-1775282700,0,0,0,100.0,0,0,0,100.0,100.0,0.0,0.0,2026-04-04T06:10:00Z
eth,5m,eth-updown-5m-1775282400,9,9,0,100.0,102.7,100.0,100.0,0.0,0.0,2.7,2.7,2026-04-04T06:05:00Z
eth,5m,eth-updown-5m-1775282100,0,0,0,100.0,0,0,0,100.0,100.0,0.0,0.0,2026-04-04T06:00:00Z
eth,5m,eth-updown-5m-1775281800,0,0,0,100.0,0,0,0,100.0,100.0,0.0,0.0,2026-04-04T05:55:00Z
eth,5m,eth-updown-5m-1775281500,0,0,0,100.0,0,0,0,100.0,100.0,0.0,0.0,2026-04-04T05:50:00Z
eth,5m,eth-updown-5m-1775281200,2,2,0,100.0,100.0,100.0,100.0,0.0,0.0,0.0,0.0,2026-04-04T05:45:00Z
eth,5m,eth-updown-5m-1775280900,0,0,0,100.0,0,0,0,100.0,100.0,0.0,0.0,2026-04-04T05:40:00Z
eth,5m,eth-updown-5m-1775280600,0,0,0,100.0,0,0,0,100.0,100.0,0.0,0.0,2026-04-04T05:35:00Z
eth,5m,eth-updown-5m-1775280300,8,8,0,100.0,104.3,100.0,100.0,0.0,0.0,4.3,4.3,2026-04-04T05:30:00Z
eth,5m,eth-updown-5m-1775280000,2,2,0,100.0,100.0,100.0,100.0,0.0,0.0,0.0,0.0,2026-04-04T05:25:00Z
eth,5m,eth-updown-5m-1775279700,0,0,0,100.0,0,0,0,100.0,100.0,0.0,0.0,2026-04-04T05:20:00Z
eth,5m,eth-updown-5m-1775279400,4,4,0,100.0,103.5,100.0,100.0,0.0,0.0,3.5,3.5,2026-04-04T05:15:00Z
eth,5m,eth-updown-5m-1775279100,2,2,0,100.0,100.0,100.0,100.0,0.0,0.0,0.0,0.0,2026-04-04T05:10:00Z
eth,5m,eth-updown-5m-1775278800,6,6,0,100.0,104.7,100.0,100.0,0.0,0.0,4.7,4.7,2026-04-04T05:05:00Z
eth,5m,eth-updown-5m-1775278500,0,0,0,100.0,0,0,0,100.0,100.0,0.0,0.0,2026-04-04T05:00:00Z
eth,5m,eth-updown-5m-1775278200,7,7,0,100.0,103.8,100.0,100.0,0.0,0.0,3.8,3.8,2026-04-04T04:55:00Z
eth,5m,eth-updown-5m-1775277900,6,6,0,100.0,104.0,100.0,100.0,0.0,0.0,4.0,4.0,2026-04-04T04:50:00Z
eth,5m,eth-updown-5m-1775277600,6,6,0,100.0,104.2,100.0,100.0,0.0,0.0,4.2,4.2,2026-04-04T04:45:00Z
eth,5m,eth-updown-5m-1775277300,0,0,0,100.0,0,0,0,100.0,100.0,0.0,0.0,2026-04-04T04:40:00Z
eth,5m,eth-updown-5m-1775277000,2,2,0,100.0,103.0,100.0,100.0,0.0,0.0,3.0,3.0,2026-04-04T04:35:00Z
eth,5m,eth-updown-5m-1775276700,7,7,0,100.0,103.1,100.0,100.0,0.0,0.0,3.1,3.1,2026-04-04T04:30:00Z
eth,5m,eth-updown-5m-1775276400,0,0,0,100.0,0,0,0,100.0,100.0,0.0,0.0,2026-04-04T04:25:00Z
eth,5m,eth-updown-5m-1775276100,4,4,0,100.0,102.7,100.0,100.0,0.0,0.0,2.7,2.7,2026-04-04T04:20:00Z
eth,5m,eth-updown-5m-1775275800,0,0,0,100.0,0,0,0,100.0,100.0,0.0,0.0,2026-04-04T04:15:00Z
eth,5m,eth-updown-5m-1775275500,11,11,0,100.0,94.8,100.0,100.0,0.0,0.0,-5.2,-5.2,2026-04-04T04:10:00Z
eth,5m,eth-updown-5m-1775275200,5,5,0,100.0,104.3,100.0,100.0,0.0,0.0,4.3,4.3,2026-04-04T04:05:00Z
eth,5m,eth-updown-5m-1775274900,0,0,0,100.0,0,0,0,100.0,100.0,0.0,0.0,2026-04-04T04:00:00Z
eth,5m,eth-updown-5m-1775274600,5,5,0,100.0,103.4,100.0,100.0,0.0,0.0,3.4,3.4,2026-04-04T03:55:00Z
eth,5m,eth-updown-5m-1775274300,0,0,0,100.0,0,0,0,100.0,100.0,0.0,0.0,2026-04-04T03:50:00Z
eth,5m,eth-updown-5m-1775274000,7,7,0,100.0,62.5,100.0,100.0,0.0,0.0,-37.5,-37.5,2026-04-04T03:45:00Z
eth,5m,eth-updown-5m-1775273700,0,0,0,100.0,0,0,0,100.0,100.0,0.0,0.0,2026-04-04T03:40:00Z
eth,5m,eth-updown-5m-1775273400,0,0,0,100.0,0,0,0,100.0,100.0,0.0,0.0,2026-04-04T03:35:00Z
eth,5m,eth-updown-5m-1775273100,2,2,0,100.0,100.0,100.0,100.0,0.0,0.0,0.0,0.0,2026-04-04T03:30:00Z
eth,5m,eth-updown-5m-1775272800,0,0,0,100.0,0,0,0,100.0,100.0,0.0,0.0,2026-04-04T03:25:00Z
eth,5m,eth-updown-5m-1775272500,0,0,0,100.0,0,0,0,100.0,100.0,0.0,0.0,2026-04-04T03:20:00Z
eth,5m,eth-updown-5m-1775272200,7,7,0,100.0,103.1,100.0,100.0,0.0,0.0,3.1,3.1,2026-04-04T03:15:00Z
eth,5m,eth-updown-5m-1775271900,5,5,0,100.0,103.4,100.0,100.0,0.0,0.0,3.4,3.4,2026-04-04T03:10:00Z
eth,5m,eth-updown-5m-1775271600,6,6,0,100.0,104.0,100.0,100.0,0.0,0.0,4.0,4.0,2026-04-04T03:05:00Z
eth,5m,eth-updown-5m-1775271300,0,0,0,100.0,0,0,0,100.0,100.0,0.0,0.0,2026-04-04T03:00:00Z
eth,5m,eth-updown-5m-1775271000,0,0,0,100.0,0,0,0,100.0,100.0,0.0,0.0,2026-04-04T02:55:00Z
eth,5m,eth-updown-5m-1775270700,2,2,0,100.0,43.0,100.0,100.0,0.0,0.0,-57.0,-57.0,2026-04-04T02:50:00Z
eth,5m,eth-updown-5m-1775270400,0,0,0,100.0,0,0,0,100.0,100.0,0.0,0.0,2026-04-04T02:45:00Z
eth,5m,eth-updown-5m-1775270100,5,5,0,100.0,103.4,100.0,100.0,0.0,0.0,3.4,3.4,2026-04-04T02:40:00Z
eth,5m,eth-updown-5m-1775269800,5,5,0,100.0,103.4,100.0,100.0,0.0,0.0,3.4,3.4,2026-04-04T02:35:00Z
eth,5m,eth-updown-5m-1775269500,0,0,0,100.0,0,0,0,100.0,100.0,0.0,0.0,2026-04-04T02:30:00Z
eth,5m,eth-updown-5m-1775269200,0,0,0,100.0,0,0,0,100.0,100.0,0.0,0.0,2026-04-04T02:25:00Z
eth,5m,eth-updown-5m-1775268900,0,0,0,100.0,0,0,0,100.0,100.0,0.0,0.0,2026-04-04T02:20:00Z
eth,5m,eth-updown-5m-1775268600,0,0,0,100.0,0,0,0,100.0,100.0,0.0,0.0,2026-04-04T02:15:00Z
eth,5m,eth-updown-5m-1775268300,0,0,0,100.0,0,0,0,100.0,100.0,0.0,0.0,2026-04-04T02:10:00Z
eth,5m,eth-updown-5m-1775268000,0,0,0,100.0,0,0,0,100.0,100.0,0.0,0.0,2026-04-04T02:05:00Z
eth,5m,eth-updown-5m-1775267700,0,0,0,100.0,0,0,0,100.0,100.0,0.0,0.0,2026-04-04T02:00:00Z
eth,5m,eth-updown-5m-1775267400,3,3,0,100.0,105.5,100.0,100.0,0.0,0.0,5.5,5.5,2026-04-04T01:55:00Z
eth,5m,eth-updown-5m-1775267100,6,6,0,100.0,104.0,100.0,100.0,0.0,0.0,4.0,4.0,2026-04-04T01:50:00Z
eth,5m,eth-updown-5m-1775266800,8,8,0,100.0,103.4,100.0,100.0,0.0,0.0,3.4,3.4,2026-04-04T01:45:00Z
eth,5m,eth-updown-5m-1775266500,0,0,0,100.0,0,0,0,100.0,100.0,0.0,0.0,2026-04-04T01:40:00Z
eth,5m,eth-updown-5m-1775266200,3,3,0,100.0,103.9,100.0,100.0,0.0,0.0,3.9,3.9,2026-04-04T01:35:00Z
eth,5m,eth-updown-5m-1775265900,0,0,0,100.0,0,0,0,100.0,100.0,0.0,0.0,2026-04-04T01:30:00Z
eth,5m,eth-updown-5m-1775265600,0,0,0,100.0,0,0,0,100.0,100.0,0.0,0.0,2026-04-04T01:25:00Z
eth,5m,eth-updown-5m-1775265300,5,5,0,100.0,104.8,100.0,100.0,0.0,0.0,4.8,4.8,2026-04-04T01:20:00Z
eth,5m,eth-updown-5m-1775265000,0,0,0,100.0,0,0,0,100.0,100.0,0.0,0.0,2026-04-04T01:15:00Z
eth,5m,eth-updown-5m-1775264700,0,0,0,100.0,0,0,0,100.0,100.0,0.0,0.0,2026-04-04T01:10:00Z
eth,5m,eth-updown-5m-1775264400,4,4,0,100.0,102.7,100.0,100.0,0.0,0.0,2.7,2.7,2026-04-04T01:05:00Z
eth,5m,eth-updown-5m-1775264100,10,10,0,100.0,102.8,100.0,100.0,0.0,0.0,2.8,2.8,2026-04-04T01:00:00Z
eth,5m,eth-updown-5m-1775263800,5,5,0,100.0,103.4,100.0,100.0,0.0,0.0,3.4,3.4,2026-04-04T00:55:00Z
eth,5m,eth-updown-5m-1775263500,5,5,0,100.0,103.4,100.0,100.0,0.0,0.0,3.4,3.4,2026-04-04T00:50:00Z
eth,5m,eth-updown-5m-1775263200,3,3,0,100.0,102.8,100.0,100.0,0.0,0.0,2.8,2.8,2026-04-04T00:45:00Z
eth,5m,eth-updown-5m-1775262900,0,0,0,100.0,0,0,0,100.0,100.0,0.0,0.0,2026-04-04T00:40:00Z
eth,5m,eth-updown-5m-1775262600,0,0,0,100.0,0,0,0,100.0,100.0,0.0,0.0,2026-04-04T00:35:00Z
eth,5m,eth-updown-5m-1775262300,0,0,0,100.0,0,0,0,100.0,100.0,0.0,0.0,2026-04-04T00:30:00Z
eth,5m,eth-updown-5m-1775262000,0,0,0,100.0,0,0,0,100.0,100.0,0.0,0.0,2026-04-04T00:25:00Z
eth,5m,eth-updown-5m-1775261700,9,9,0,100.0,102.4,100.0,100.0,0.0,0.0,2.4,2.4,2026-04-04T00:20:00Z
eth,5m,eth-updown-5m-1775261400,0,0,0,100.0,0,0,0,100.0,100.0,0.0,0.0,2026-04-04T00:15:00Z
eth,5m,eth-updown-5m-1775261100,7,7,0,100.0,103.0,100.0,100.0,0.0,0.0,3.0,3.0,2026-04-04T00:10:00Z
eth,5m,eth-updown-5m-1775260800,0,0,0,100.0,0,0,0,100.0,100.0,0.0,0.0,2026-04-04T00:05:00Z
eth,5m,eth-updown-5m-1775260500,0,0,0,100.0,0,0,0,100.0,100.0,0.0,0.0,2026-04-04T00:00:00Z
eth,5m,eth-updown-5m-1775260200,3,3,0,100.0,101.9,100.0,100.0,0.0,0.0,1.9,1.9,2026-04-03T23:55:00Z
eth,5m,eth-updown-5m-1775259900,0,0,0,100.0,0,0,0,100.0,100.0,0.0,0.0,2026-04-03T23:50:00Z
eth,5m,eth-updown-5m-1775259600,0,0,0,100.0,0,0,0,100.0,100.0,0.0,0.0,2026-04-03T23:45:00Z
eth,5m,eth-updown-5m-1775259300,4,4,0,100.0,102.7,100.0,100.0,0.0,0.0,2.7,2.7,2026-04-03T23:40:00Z
eth,5m,eth-updown-5m-1775259000,2,2,0,100.0,100.0,100.0,100.0,0.0,0.0,0.0,0.0,2026-04-03T23:35:00Z
eth,5m,eth-updown-5m-1775258700,0,0,0,100.0,0,0,0,100.0,100.0,0.0,0.0,2026-04-03T23:30:00Z
eth,5m,eth-updown-5m-1775258400,0,0,0,100.0,0,0,0,100.0,100.0,0.0,0.0,2026-04-03T23:25:00Z
eth,5m,eth-updown-5m-1775258100,4,4,0,100.0,104.5,100.0,100.0,0.0,0.0,4.5,4.5,2026-04-03T23:20:00Z
eth,5m,eth-updown-5m-1775257800,2,2,0,100.0,100.0,100.0,100.0,0.0,0.0,0.0,0.0,2026-04-03T23:15:00Z
eth,5m,eth-updown-5m-1775257500,3,3,0,100.0,101.9,100.0,100.0,0.0,0.0,1.9,1.9,2026-04-03T23:10:00Z
eth,5m,eth-updown-5m-1775257200,9,9,0,100.0,103.3,100.0,100.0,0.0,0.0,3.3,3.3,2026-04-03T23:05:00Z
eth,5m,eth-updown-5m-1775256900,7,7,0,100.0,103.0,100.0,100.0,0.0,0.0,3.0,3.0,2026-04-03T23:00:00Z
eth,5m,eth-updown-5m-1775256600,2,2,0,100.0,102.0,100.0,100.0,0.0,0.0,2.0,2.0,2026-04-03T22:55:00Z
eth,5m,eth-updown-5m-1775256300,0,0,0,100.0,0,0,0,100.0,100.0,0.0,0.0,2026-04-03T22:50:00Z
eth,5m,eth-updown-5m-1775256000,7,7,0,100.0,103.1,100.0,100.0,0.0,0.0,3.1,3.1,2026-04-03T22:45:00Z
eth,5m,eth-updown-5m-1775255700,0,0,0,100.0,0,0,0,100.0,100.0,0.0,0.0,2026-04-03T22:40:00Z
eth,5m,eth-updown-5m-1775255400,6,6,0,100.0,104.3,100.0,100.0,0.0,0.0,4.3,4.3,2026-04-03T22:35:00Z
eth,5m,eth-updown-5m-1775255100,0,0,0,100.0,0,0,0,100.0,100.0,0.0,0.0,2026-04-03T22:30:00Z
eth,5m,eth-updown-5m-1775254800,0,0,0,100.0,0,0,0,100.0,100.0,0.0,0.0,2026-04-03T22:25:00Z
eth,5m,eth-updown-5m-1775254500,9,9,0,100.0,103.6,100.0,100.0,0.0,0.0,3.6,3.6,2026-04-03T22:20:00Z
eth,5m,eth-updown-5m-1775254200,0,0,0,100.0,0,0,0,100.0,100.0,0.0,0.0,2026-04-03T22:15:00Z
eth,5m,eth-updown-5m-1775253900,0,0,0,100.0,0,0,0,100.0,100.0,0.0,0.0,2026-04-03T22:10:00Z
eth,5m,eth-updown-5m-1775253600,0,0,0,100.0,0,0,0,100.0,100.0,0.0,0.0,2026-04-03T22:05:00Z
eth,5m,eth-updown-5m-1775253300,3,3,0,100.0,101.9,100.0,100.0,0.0,0.0,1.9,1.9,2026-04-03T22:00:00Z
eth,5m,eth-updown-5m-1775253000,0,0,0,100.0,0,0,0,100.0,100.0,0.0,0.0,2026-04-03T21:55:00Z
eth,5m,eth-updown-5m-1775252700,2,2,0,100.0,101.0,100.0,100.0,0.0,0.0,1.0,1.0,2026-04-03T21:50:00Z
eth,5m,eth-updown-5m-1775252400,6,6,0,100.0,103.4,100.0,100.0,0.0,0.0,3.4,3.4,2026-04-03T21:45:00Z
eth,5m,eth-updown-5m-1775252100,2,2,0,100.0,99.0,100.0,100.0,0.0,0.0,-1.0,-1.0,2026-04-03T21:40:00Z
eth,5m,eth-updown-5m-1775251800,4,4,0,100.0,103.7,100.0,100.0,0.0,0.0,3.7,3.7,2026-04-03T21:35:00Z
eth,5m,eth-updown-5m-1775251500,3,3,0,100.0,101.9,100.0,100.0,0.0,0.0,1.9,1.9,2026-04-03T21:30:00Z
eth,5m,eth-updown-5m-1775251200,0,0,0,100.0,0,0,0,100.0,100.0,0.0,0.0,2026-04-03T21:25:00Z
eth,5m,eth-updown-5m-1775250900,0,0,0,100.0,0,0,0,100.0,100.0,0.0,0.0,2026-04-03T21:20:00Z
eth,5m,eth-updown-5m-1775250600,2,2,0,100.0,100.0,100.0,100.0,0.0,0.0,0.0,0.0,2026-04-03T21:15:00Z
eth,5m,eth-updown-5m-1775250300,0,0,0,100.0,0,0,0,100.0,100.0,0.0,0.0,2026-04-03T21:10:00Z
eth,5m,eth-updown-5m-1775250000,2,2,0,100.0,103.0,100.0,100.0,0.0,0.0,3.0,3.0,2026-04-03T21:05:00Z
eth,5m,eth-updown-5m-1775249700,0,0,0,100.0,0,0,0,100.0,100.0,0.0,0.0,2026-04-03T21:00:00Z
eth,5m,eth-updown-5m-1775249400,0,0,0,100.0,0,0,0,100.0,100.0,0.0,0.0,2026-04-03T20:55:00Z
eth,5m,eth-updown-5m-1775249100,0,0,0,100.0,0,0,0,100.0,100.0,0.0,0.0,2026-04-03T20:50:00Z
eth,5m,eth-updown-5m-1775248800,0,0,0,100.0,0,0,0,100.0,100.0,0.0,0.0,2026-04-03T20:45:00Z
eth,5m,eth-updown-5m-1775248500,3,3,0,100.0,101.9,100.0,100.0,0.0,0.0,1.9,1.9,2026-04-03T20:40:00Z
eth,5m,eth-updown-5m-1775248200,0,0,0,100.0,0,0,0,100.0,100.0,0.0,0.0,2026-04-03T20:35:00Z
eth,5m,eth-updown-5m-1775247900,0,0,0,100.0,0,0,0,100.0,100.0,0.0,0.0,2026-04-03T20:30:00Z
eth,5m,eth-updown-5m-1775247600,0,0,0,100.0,0,0,0,100.0,100.0,0.0,0.0,2026-04-03T20:25:00Z
eth,5m,eth-updown-5m-1775247300,2,2,0,100.0,45.0,100.0,100.0,0.0,0.0,-55.0,-55.0,2026-04-03T20:20:00Z
eth,5m,eth-updown-5m-1775247000,6,6,0,100.0,103.2,100.0,100.0,0.0,0.0,3.2,3.2,2026-04-03T20:15:00Z
eth,5m,eth-updown-5m-1775246700,0,0,0,100.0,0,0,0,100.0,100.0,0.0,0.0,2026-04-03T20:10:00Z
eth,5m,eth-updown-5m-1775246400,10,10,0,100.0,102.5,100.0,100.0,0.0,0.0,2.5,2.5,2026-04-03T20:05:00Z
eth,5m,eth-updown-5m-1775246100,0,0,0,100.0,0,0,0,100.0,100.0,0.0,0.0,2026-04-03T20:00:00Z
eth,5m,eth-updown-5m-1775245800,8,8,0,100.0,103.7,100.0,100.0,0.0,0.0,3.7,3.7,2026-04-03T19:55:00Z
eth,5m,eth-updown-5m-1775245500,0,0,0,100.0,0,0,0,100.0,100.0,0.0,0.0,2026-04-03T19:50:00Z
eth,5m,eth-updown-5m-1775245200,0,0,0,100.0,0,0,0,100.0,100.0,0.0,0.0,2026-04-03T19:45:00Z
eth,5m,eth-updown-5m-1775244900,4,4,0,100.0,102.7,100.0,100.0,0.0,0.0,2.7,2.7,2026-04-03T19:40:00Z
eth,5m,eth-updown-5m-1775244600,6,6,0,100.0,66.0,100.0,100.0,0.0,0.0,-34.0,-34.0,2026-04-03T19:35:00Z
eth,5m,eth-updown-5m-1775244300,0,0,0,100.0,0,0,0,100.0,100.0,0.0,0.0,2026-04-03T19:30:00Z
eth,5m,eth-updown-5m-1775244000,0,0,0,100.0,0,0,0,100.0,100.0,0.0,0.0,2026-04-03T19:25:00Z
eth,5m,eth-updown-5m-1775243700,0,0,0,100.0,0,0,0,100.0,100.0,0.0,0.0,2026-04-03T19:20:00Z
eth,5m,eth-updown-5m-1775243400,3,3,0,100.0,102.8,100.0,100.0,0.0,0.0,2.8,2.8,2026-04-03T19:15:00Z
eth,5m,eth-updown-5m-1775243100,8,8,0,100.0,103.7,100.0,100.0,0.0,0.0,3.7,3.7,2026-04-03T19:10:00Z
eth,5m,eth-updown-5m-1775242800,0,0,0,100.0,0,0,0,100.0,100.0,0.0,0.0,2026-04-03T19:05:00Z
eth,5m,eth-updown-5m-1775242500,11,11,0,100.0,102.3,100.0,100.0,0.0,0.0,2.3,2.3,2026-04-03T19:00:00Z
eth,5m,eth-updown-5m-1775242200,0,0,0,100.0,0,0,0,100.0,100.0,0.0,0.0,2026-04-03T18:55:00Z
eth,5m,eth-updown-5m-1775241900,0,0,0,100.0,0,0,0,100.0,100.0,0.0,0.0,2026-04-03T18:50:00Z
eth,5m,eth-updown-5m-1775241600,7,7,0,100.0,103.1,100.0,100.0,0.0,0.0,3.1,3.1,2026-04-03T18:45:00Z
eth,5m,eth-updown-5m-1775241300,10,10,0,100.0,101.8,100.0,100.0,0.0,0.0,1.8,1.8,2026-04-03T18:40:00Z
eth,5m,eth-updown-5m-1775241000,0,0,0,100.0,0,0,0,100.0,100.0,0.0,0.0,2026-04-03T18:35:00Z
eth,5m,eth-updown-5m-1775240700,0,0,0,100.0,0,0,0,100.0,100.0,0.0,0.0,2026-04-03T18:30:00Z
eth,5m,eth-updown-5m-1775240400,2,2,0,100.0,100.0,100.0,100.0,0.0,0.0,0.0,0.0,2026-04-03T18:25:00Z
eth,5m,eth-updown-5m-1775240100,0,0,0,100.0,0,0,0,100.0,100.0,0.0,0.0,2026-04-03T18:20:00Z
eth,5m,eth-updown-5m-1775239800,6,6,0,100.0,102.4,100.0,100.0,0.0,0.0,2.4,2.4,2026-04-03T18:15:00Z
eth,5m,eth-updown-5m-1775239500,0,0,0,100.0,0,0,0,100.0,100.0,0.0,0.0,2026-04-03T18:10:00Z
eth,5m,eth-updown-5m-1775239200,0,0,0,100.0,0,0,0,100.0,100.0,0.0,0.0,2026-04-03T18:05:00Z
eth,5m,eth-updown-5m-1775238900,0,0,0,100.0,0,0,0,100.0,100.0,0.0,0.0,2026-04-03T18:00:00Z
eth,5m,eth-updown-5m-1775238600,10,10,0,100.0,102.5,100.0,100.0,0.0,0.0,2.5,2.5,2026-04-03T17:55:00Z
eth,5m,eth-updown-5m-1775238300,2,2,0,100.0,99.0,100.0,100.0,0.0,0.0,-1.0,-1.0,2026-04-03T17:50:00Z
eth,5m,eth-updown-5m-1775238000,8,8,0,100.0,103.4,100.0,100.0,0.0,0.0,3.4,3.4,2026-04-03T17:45:00Z
eth,5m,eth-updown-5m-1775237700,6,6,0,100.0,103.7,100.0,100.0,0.0,0.0,3.7,3.7,2026-04-03T17:40:00Z
eth,5m,eth-updown-5m-1775237400,0,0,0,100.0,0,0,0,100.0,100.0,0.0,0.0,2026-04-03T17:35:00Z
eth,5m,eth-updown-5m-1775237100,0,0,0,100.0,0,0,0,100.0,100.0,0.0,0.0,2026-04-03T17:30:00Z
eth,5m,eth-updown-5m-1775236800,0,0,0,100.0,0,0,0,100.0,100.0,0.0,0.0,2026-04-03T17:25:00Z
eth,5m,eth-updown-5m-1775236500,0,0,0,100.0,0,0,0,100.0,100.0,0.0,0.0,2026-04-03T17:20:00Z
eth,5m,eth-updown-5m-1775236200,0,0,0,100.0,0,0,0,100.0,100.0,0.0,0.0,2026-04-03T17:15:00Z
eth,5m,eth-updown-5m-1775235900,3,3,0,100.0,101.9,100.0,100.0,0.0,0.0,1.9,1.9,2026-04-03T17:10:00Z
eth,5m,eth-updown-5m-1775235600,0,0,0,100.0,0,0,0,100.0,100.0,0.0,0.0,2026-04-03T17:05:00Z
eth,5m,eth-updown-5m-1775235300,2,2,0,100.0,100.0,100.0,100.0,0.0,0.0,0.0,0.0,2026-04-03T17:00:00Z
eth,5m,eth-updown-5m-1775235000,8,8,0,100.0,102.1,100.0,100.0,0.0,0.0,2.1,2.1,2026-04-03T16:55:00Z
eth,5m,eth-updown-5m-1775234700,0,0,0,100.0,0,0,0,100.0,100.0,0.0,0.0,2026-04-03T16:50:00Z
eth,5m,eth-updown-5m-1775234400,0,0,0,100.0,0,0,0,100.0,100.0,0.0,0.0,2026-04-03T16:45:00Z
eth,5m,eth-updown-5m-1775234100,2,2,0,100.0,103.0,100.0,100.0,0.0,0.0,3.0,3.0,2026-04-03T16:40:00Z
eth,5m,eth-updown-5m-1775233800,0,0,0,100.0,0,0,0,100.0,100.0,0.0,0.0,2026-04-03T16:35:00Z
eth,5m,eth-updown-5m-1775233500,0,0,0,100.0,0,0,0,100.0,100.0,0.0,0.0,2026-04-03T16:30:00Z
eth,5m,eth-updown-5m-1775233200,6,6,0,100.0,104.0,100.0,100.0,0.0,0.0,4.0,4.0,2026-04-03T16:25:00Z
eth,5m,eth-updown-5m-1775232900,0,0,0,100.0,0,0,0,100.0,100.0,0.0,0.0,2026-04-03T16:20:00Z
eth,5m,eth-updown-5m-1775232600,0,0,0,100.0,0,0,0,100.0,100.0,0.0,0.0,2026-04-03T16:15:00Z
eth,5m,eth-updown-5m-1775232300,5,5,0,100.0,103.4,100.0,100.0,0.0,0.0,3.4,3.4,2026-04-03T16:10:00Z
eth,5m,eth-updown-5m-1775232000,4,4,0,100.0,102.7,100.0,100.0,0.0,0.0,2.7,2.7,2026-04-03T16:05:00Z
eth,5m,eth-updown-5m-1775231700,0,0,0,100.0,0,0,0,100.0,100.0,0.0,0.0,2026-04-03T16:00:00Z
eth,5m,eth-updown-5m-1775231400,6,6,0,100.0,104.0,100.0,100.0,0.0,0.0,4.0,4.0,2026-04-03T15:55:00Z
eth,5m,eth-updown-5m-1775231100,0,0,0,100.0,0,0,0,100.0,100.0,0.0,0.0,2026-04-03T15:50:00Z
eth,5m,eth-updown-5m-1775230800,3,3,0,100.0,105.5,100.0,100.0,0.0,0.0,5.5,5.5,2026-04-03T15:45:00Z
eth,5m,eth-updown-5m-1775230500,0,0,0,100.0,0,0,0,100.0,100.0,0.0,0.0,2026-04-03T15:40:00Z
eth,5m,eth-updown-5m-1775230200,4,4,0,100.0,102.7,100.0,100.0,0.0,0.0,2.7,2.7,2026-04-03T15:35:00Z
eth,5m,eth-updown-5m-1775229900,3,3,0,100.0,103.8,100.0,100.0,0.0,0.0,3.8,3.8,2026-04-03T15:30:00Z
eth,5m,eth-updown-5m-1775229600,0,0,0,100.0,0,0,0,100.0,100.0,0.0,0.0,2026-04-03T15:25:00Z
eth,5m,eth-updown-5m-1775229300,0,0,0,100.0,0,0,0,100.0,100.0,0.0,0.0,2026-04-03T15:20:00Z
eth,5m,eth-updown-5m-1775229000,3,3,0,100.0,101.9,100.0,100.0,0.0,0.0,1.9,1.9,2026-04-03T15:15:00Z
eth,5m,eth-updown-5m-1775228700,5,5,0,100.0,103.4,100.0,100.0,0.0,0.0,3.4,3.4,2026-04-03T15:10:00Z
eth,5m,eth-updown-5m-1775228400,2,2,0,100.0,100.0,100.0,100.0,0.0,0.0,0.0,0.0,2026-04-03T15:05:00Z
eth,5m,eth-updown-5m-1775228100,4,4,0,100.0,102.7,100.0,100.0,0.0,0.0,2.7,2.7,2026-04-03T15:00:00Z
eth,5m,eth-updown-5m-1775227800,0,0,0,100.0,0,0,0,100.0,100.0,0.0,0.0,2026-04-03T14:55:00Z
eth,5m,eth-updown-5m-1775227500,0,0,0,100.0,0,0,0,100.0,100.0,0.0,0.0,2026-04-03T14:50:00Z
eth,5m,eth-updown-5m-1775227200,0,0,0,100.0,0,0,0,100.0,100.0,0.0,0.0,2026-04-03T14:45:00Z
eth,5m,eth-updown-5m-1775226900,0,0,0,100.0,0,0,0,100.0,100.0,0.0,0.0,2026-04-03T14:40:00Z
eth,5m,eth-updown-5m-1775226600,0,0,0,100.0,0,0,0,100.0,100.0,0.0,0.0,2026-04-03T14:35:00Z
eth,5m,eth-updown-5m-1775226300,0,0,0,100.0,0,0,0,100.0,100.0,0.0,0.0,2026-04-03T14:30:00Z
eth,5m,eth-updown-5m-1775226000,2,2,0,100.0,99.0,100.0,100.0,0.0,0.0,-1.0,-1.0,2026-04-03T14:25:00Z
eth,5m,eth-updown-5m-1775225700,0,0,0,100.0,0,0,0,100.0,100.0,0.0,0.0,2026-04-03T14:20:00Z
eth,5m,eth-updown-5m-1775225400,4,4,0,100.0,104.7,100.0,100.0,0.0,0.0,4.7,4.7,2026-04-03T14:15:00Z
eth,5m,eth-updown-5m-1775225100,3,3,0,100.0,56.0,100.0,100.0,0.0,0.0,-44.0,-44.0,2026-04-03T14:10:00Z
eth,5m,eth-updown-5m-1775224800,11,11,0,100.0,101.7,100.0,100.0,0.0,0.0,1.7,1.7,2026-04-03T14:05:00Z
eth,5m,eth-updown-5m-1775224500,5,5,0,100.0,103.4,100.0,100.0,0.0,0.0,3.4,3.4,2026-04-03T14:00:00Z
eth,5m,eth-updown-5m-1775224200,0,0,0,100.0,0,0,0,100.0,100.0,0.0,0.0,2026-04-03T13:55:00Z
eth,5m,eth-updown-5m-1775223900,0,0,0,100.0,0,0,0,100.0,100.0,0.0,0.0,2026-04-03T13:50:00Z
eth,5m,eth-updown-5m-1775223600,0,0,0,100.0,0,0,0,100.0,100.0,0.0,0.0,2026-04-03T13:45:00Z
eth,5m,eth-updown-5m-1775223300,0,0,0,100.0,0,0,0,100.0,100.0,0.0,0.0,2026-04-03T13:40:00Z
eth,5m,eth-updown-5m-1775223000,0,0,0,100.0,0,0,0,100.0,100.0,0.0,0.0,2026-04-03T13:35:00Z
eth,5m,eth-updown-5m-1775222700,0,0,0,100.0,0,0,0,100.0,100.0,0.0,0.0,2026-04-03T13:30:00Z
eth,5m,eth-updown-5m-1775222400,0,0,0,100.0,0,0,0,100.0,100.0,0.0,0.0,2026-04-03T13:25:00Z
eth,5m,eth-updown-5m-1775222100,11,11,0,100.0,101.9,100.0,100.0,0.0,0.0,1.9,1.9,2026-04-03T13:20:00Z
eth,5m,eth-updown-5m-1775221800,2,2,0,100.0,100.0,100.0,100.0,0.0,0.0,0.0,0.0,2026-04-03T13:15:00Z
eth,5m,eth-updown-5m-1775221500,2,2,0,100.0,99.0,100.0,100.0,0.0,0.0,-1.0,-1.0,2026-04-03T13:10:00Z
eth,5m,eth-updown-5m-1775221200,11,11,0,100.0,102.0,100.0,100.0,0.0,0.0,2.0,2.0,2026-04-03T13:05:00Z
eth,5m,eth-updown-5m-1775220900,3,3,0,100.0,102.8,100.0,100.0,0.0,0.0,2.8,2.8,2026-04-03T13:00:00Z
eth,5m,eth-updown-5m-1775220600,0,0,0,100.0,0,0,0,100.0,100.0,0.0,0.0,2026-04-03T12:55:00Z
eth,5m,eth-updown-5m-1775220300,0,0,0,100.0,0,0,0,100.0,100.0,0.0,0.0,2026-04-03T12:50:00Z
eth,5m,eth-updown-5m-1775220000,0,0,0,100.0,0,0,0,100.0,100.0,0.0,0.0,2026-04-03T12:45:00Z
eth,5m,eth-updown-5m-1775219700,0,0,0,100.0,0,0,0,100.0,100.0,0.0,0.0,2026-04-03T12:40:00Z
eth,5m,eth-updown-5m-1775219400,0,0,0,100.0,0,0,0,100.0,100.0,0.0,0.0,2026-04-03T12:35:00Z
eth,5m,eth-updown-5m-1775219100,0,0,0,100.0,0,0,0,100.0,100.0,0.0,0.0,2026-04-03T12:30:00Z
eth,5m,eth-updown-5m-1775218800,4,4,0,100.0,104.3,100.0,100.0,0.0,0.0,4.3,4.3,2026-04-03T12:25:00Z
eth,5m,eth-updown-5m-1775218500,2,2,0,100.0,101.0,100.0,100.0,0.0,0.0,1.0,1.0,2026-04-03T12:20:00Z
eth,5m,eth-updown-5m-1775218200,2,2,0,100.0,102.0,100.0,100.0,0.0,0.0,2.0,2.0,2026-04-03T12:15:00Z
eth,5m,eth-updown-5m-1775217900,0,0,0,100.0,0,0,0,100.0,100.0,0.0,0.0,2026-04-03T12:10:00Z
eth,5m,eth-updown-5m-1775217600,5,5,0,100.0,61.2,100.0,100.0,0.0,0.0,-38.8,-38.8,2026-04-03T12:05:00Z
eth,5m,eth-updown-5m-1775217300,3,3,0,100.0,101.9,100.0,100.0,0.0,0.0,1.9,1.9,2026-04-03T12:00:00Z
eth,5m,eth-updown-5m-1775217000,0,0,0,100.0,0,0,0,100.0,100.0,0.0,0.0,2026-04-03T11:55:00Z
eth,5m,eth-updown-5m-1775216700,6,6,0,100.0,103.2,100.0,100.0,0.0,0.0,3.2,3.2,2026-04-03T11:50:00Z
eth,5m,eth-updown-5m-1775216400,2,2,0,100.0,54.0,100.0,100.0,0.0,0.0,-46.0,-46.0,2026-04-03T11:45:00Z
eth,5m,eth-updown-5m-1775216100,2,2,0,100.0,101.0,100.0,100.0,0.0,0.0,1.0,1.0,2026-04-03T11:40:00Z
eth,5m,eth-updown-5m-1775215800,11,11,0,100.0,101.8,100.0,100.0,0.0,0.0,1.8,1.8,2026-04-03T11:35:00Z
eth,5m,eth-updown-5m-1775215500,2,2,0,100.0,54.0,100.0,100.0,0.0,0.0,-46.0,-46.0,2026-04-03T11:30:00Z
eth,5m,eth-updown-5m-1775215200,0,0,0,100.0,0,0,0,100.0,100.0,0.0,0.0,2026-04-03T11:25:00Z
eth,5m,eth-updown-5m-1775214900,0,0,0,100.0,0,0,0,100.0,100.0,0.0,0.0,2026-04-03T11:20:00Z
eth,5m,eth-updown-5m-1775214600,4,4,0,100.0,105.5,100.0,100.0,0.0,0.0,5.5,5.5,2026-04-03T11:15:00Z
eth,5m,eth-updown-5m-1775214300,0,0,0,100.0,0,0,0,100.0,100.0,0.0,0.0,2026-04-03T11:10:00Z
eth,5m,eth-updown-5m-1775214000,3,3,0,100.0,101.9,100.0,100.0,0.0,0.0,1.9,1.9,2026-04-03T11:05:00Z
eth,5m,eth-updown-5m-1775213400,2,2,0,100.0,39.0,100.0,100.0,0.0,0.0,-61.0,-61.0,2026-04-03T10:55:00Z
eth,5m,eth-updown-5m-1775213100,0,0,0,100.0,0,0,0,100.0,100.0,0.0,0.0,2026-04-03T10:50:00Z
eth,5m,eth-updown-5m-1775212800,0,0,0,100.0,0,0,0,100.0,100.0,0.0,0.0,2026-04-03T10:45:00Z
eth,5m,eth-updown-5m-1775212500,0,0,0,100.0,0,0,0,100.0,100.0,0.0,0.0,2026-04-03T10:40:00Z
eth,5m,eth-updown-5m-1775212200,10,10,0,100.0,102.6,100.0,100.0,0.0,0.0,2.6,2.6,2026-04-03T10:35:00Z
eth,5m,eth-updown-5m-1775211900,4,4,0,100.0,103.5,100.0,100.0,0.0,0.0,3.5,3.5,2026-04-03T10:30:00Z
eth,5m,eth-updown-5m-1775211600,0,0,0,100.0,0,0,0,100.0,100.0,0.0,0.0,2026-04-03T10:25:00Z
eth,5m,eth-updown-5m-1775211300,4,4,0,100.0,102.7,100.0,100.0,0.0,0.0,2.7,2.7,2026-04-03T10:20:00Z
eth,5m,eth-updown-5m-1775211000,6,6,0,100.0,104.0,100.0,100.0,0.0,0.0,4.0,4.0,2026-04-03T10:15:00Z
eth,5m,eth-updown-5m-1775210700,5,5,0,100.0,104.4,100.0,100.0,0.0,0.0,4.4,4.4,2026-04-03T10:10:00Z
eth,5m,eth-updown-5m-1775210400,0,0,0,100.0,0,0,0,100.0,100.0,0.0,0.0,2026-04-03T10:05:00Z
eth,5m,eth-updown-5m-1775210100,0,0,0,100.0,0,0,0,100.0,100.0,0.0,0.0,2026-04-03T10:00:00Z
eth,5m,eth-updown-5m-1775209800,6,6,0,100.0,104.0,100.0,100.0,0.0,0.0,4.0,4.0,2026-04-03T09:55:00Z
eth,5m,eth-updown-5m-1775209500,2,2,0,100.0,100.0,100.0,100.0,0.0,0.0,0.0,0.0,2026-04-03T09:50:00Z
eth,5m,eth-updown-5m-1775209200,0,0,0,100.0,0,0,0,100.0,100.0,0.0,0.0,2026-04-03T09:45:00Z
eth,5m,eth-updown-5m-1775208900,8,8,0,100.0,104.2,100.0,100.0,0.0,0.0,4.2,4.2,2026-04-03T09:40:00Z
eth,5m,eth-updown-5m-1775208600,5,5,0,100.0,103.4,100.0,100.0,0.0,0.0,3.4,3.4,2026-04-03T09:35:00Z
eth,5m,eth-updown-5m-1775208300,0,0,0,100.0,0,0,0,100.0,100.0,0.0,0.0,2026-04-03T09:30:00Z
eth,5m,eth-updown-5m-1775208000,0,0,0,100.0,0,0,0,100.0,100.0,0.0,0.0,2026-04-03T09:25:00Z
eth,5m,eth-updown-5m-1775207700,0,0,0,100.0,0,0,0,100.0,100.0,0.0,0.0,2026-04-03T09:20:00Z
eth,5m,eth-updown-5m-1775207400,0,0,0,100.0,0,0,0,100.0,100.0,0.0,0.0,2026-04-03T09:15:00Z
eth,5m,eth-updown-5m-1775207100,6,6,0,100.0,103.1,100.0,100.0,0.0,0.0,3.1,3.1,2026-04-03T09:10:00Z
eth,5m,eth-updown-5m-1775206800,0,0,0,100.0,0,0,0,100.0,100.0,0.0,0.0,2026-04-03T09:05:00Z
eth,5m,eth-updown-5m-1775206500,0,0,0,100.0,0,0,0,100.0,100.0,0.0,0.0,2026-04-03T09:00:00Z
eth,5m,eth-updown-5m-1775206200,0,0,0,100.0,0,0,0,100.0,100.0,0.0,0.0,2026-04-03T08:55:00Z
eth,5m,eth-updown-5m-1775205900,0,0,0,100.0,0,0,0,100.0,100.0,0.0,0.0,2026-04-03T08:50:00Z
eth,5m,eth-updown-5m-1775205600,0,0,0,100.0,0,0,0,100.0,100.0,0.0,0.0,2026-04-03T08:45:00Z
eth,5m,eth-updown-5m-1775205300,0,0,0,100.0,0,0,0,100.0,100.0,0.0,0.0,2026-04-03T08:40:00Z
eth,5m,eth-updown-5m-1775205000,4,4,0,100.0,102.7,100.0,100.0,0.0,0.0,2.7,2.7,2026-04-03T08:35:00Z
eth,5m,eth-updown-5m-1775204700,0,0,0,100.0,0,0,0,100.0,100.0,0.0,0.0,2026-04-03T08:30:00Z
eth,5m,eth-updown-5m-1775204400,8,8,0,100.0,103.7,100.0,100.0,0.0,0.0,3.7,3.7,2026-04-03T08:25:00Z
eth,5m,eth-updown-5m-1775204100,4,4,0,100.0,104.4,100.0,100.0,0.0,0.0,4.4,4.4,2026-04-03T08:20:00Z
eth,5m,eth-updown-5m-1775203800,0,0,0,100.0,0,0,0,100.0,100.0,0.0,0.0,2026-04-03T08:15:00Z
eth,5m,eth-updown-5m-1775203500,0,0,0,100.0,0,0,0,100.0,100.0,0.0,0.0,2026-04-03T08:10:00Z
eth,5m,eth-updown-5m-1775203200,4,4,0,100.0,104.7,100.0,100.0,0.0,0.0,4.7,4.7,2026-04-03T08:05:00Z
eth,5m,eth-updown-5m-1775202900,6,6,0,100.0,102.4,100.0,100.0,0.0,0.0,2.4,2.4,2026-04-03T08:00:00Z
eth,5m,eth-updown-5m-1775202600,5,5,0,100.0,104.1,100.0,100.0,0.0,0.0,4.1,4.1,2026-04-03T07:55:00Z
eth,5m,eth-updown-5m-1775202300,0,0,0,100.0,0,0,0,100.0,100.0,0.0,0.0,2026-04-03T07:50:00Z
eth,5m,eth-updown-5m-1775202000,2,2,0,100.0,102.0,100.0,100.0,0.0,0.0,2.0,2.0,2026-04-03T07:45:00Z
eth,5m,eth-updown-5m-1775201700,2,2,0,100.0,101.0,100.0,100.0,0.0,0.0,1.0,1.0,2026-04-03T07:40:00Z
eth,5m,eth-updown-5m-1775201400,0,0,0,100.0,0,0,0,100.0,100.0,0.0,0.0,2026-04-03T07:35:00Z
eth,5m,eth-updown-5m-1775201100,0,0,0,100.0,0,0,0,100.0,100.0,0.0,0.0,2026-04-03T07:30:00Z
eth,5m,eth-updown-5m-1775200800,2,2,0,100.0,99.0,100.0,100.0,0.0,0.0,-1.0,-1.0,2026-04-03T07:25:00Z
eth,5m,eth-updown-5m-1775200500,5,5,0,100.0,103.4,100.0,100.0,0.0,0.0,3.4,3.4,2026-04-03T07:20:00Z
eth,5m,eth-updown-5m-1775200200,0,0,0,100.0,0,0,0,100.0,100.0,0.0,0.0,2026-04-03T07:15:00Z
eth,5m,eth-updown-5m-1775199900,0,0,0,100.0,0,0,0,100.0,100.0,0.0,0.0,2026-04-03T07:10:00Z
eth,5m,eth-updown-5m-1775199600,2,2,0,100.0,102.0,100.0,100.0,0.0,0.0,2.0,2.0,2026-04-03T07:05:00Z
eth,5m,eth-updown-5m-1775199300,0,0,0,100.0,0,0,0,100.0,100.0,0.0,0.0,2026-04-03T07:00:00Z
eth,5m,eth-updown-5m-1775199000,4,4,0,100.0,102.7,100.0,100.0,0.0,0.0,2.7,2.7,2026-04-03T06:55:00Z
eth,5m,eth-updown-5m-1775198700,3,3,0,100.0,102.8,100.0,100.0,0.0,0.0,2.8,2.8,2026-04-03T06:50:00Z
eth,5m,eth-updown-5m-1775198400,2,2,0,100.0,104.0,100.0,100.0,0.0,0.0,4.0,4.0,2026-04-03T06:45:00Z
eth,5m,eth-updown-5m-1775198100,0,0,0,100.0,0,0,0,100.0,100.0,0.0,0.0,2026-04-03T06:40:00Z
eth,5m,eth-updown-5m-1775197800,4,4,0,100.0,104.7,100.0,100.0,0.0,0.0,4.7,4.7,2026-04-03T06:35:00Z
eth,5m,eth-updown-5m-1775197500,5,5,0,100.0,103.4,100.0,100.0,0.0,0.0,3.4,3.4,2026-04-03T06:30:00Z
eth,5m,eth-updown-5m-1775197200,0,0,0,100.0,0,0,0,100.0,100.0,0.0,0.0,2026-04-03T06:25:00Z
eth,5m,eth-updown-5m-1775196900,7,7,0,100.0,104.1,100.0,100.0,0.0,0.0,4.1,4.1,2026-04-03T06:20:00Z
eth,5m,eth-updown-5m-1775196600,0,0,0,100.0,0,0,0,100.0,100.0,0.0,0.0,2026-04-03T06:15:00Z
eth,5m,eth-updown-5m-1775196300,2,2,0,100.0,106.0,100.0,100.0,0.0,0.0,6.0,6.0,2026-04-03T06:10:00Z
eth,5m,eth-updown-5m-1775196000,0,0,0,100.0,0,0,0,100.0,100.0,0.0,0.0,2026-04-03T06:05:00Z
eth,5m,eth-updown-5m-1775195700,0,0,0,100.0,0,0,0,100.0,100.0,0.0,0.0,2026-04-03T06:00:00Z
eth,5m,eth-updown-5m-1775195400,0,0,0,100.0,0,0,0,100.0,100.0,0.0,0.0,2026-04-03T05:55:00Z
eth,5m,eth-updown-5m-1775195100,6,6,0,100.0,104.0,100.0,100.0,0.0,0.0,4.0,4.0,2026-04-03T05:50:00Z
eth,5m,eth-updown-5m-1775194800,4,4,0,100.0,105.3,100.0,100.0,0.0,0.0,5.3,5.3,2026-04-03T05:45:00Z
eth,5m,eth-updown-5m-1775194500,5,5,0,100.0,103.4,100.0,100.0,0.0,0.0,3.4,3.4,2026-04-03T05:40:00Z
eth,5m,eth-updown-5m-1775194200,0,0,0,100.0,0,0,0,100.0,100.0,0.0,0.0,2026-04-03T05:35:00Z
eth,5m,eth-updown-5m-1775193900,0,0,0,100.0,0,0,0,100.0,100.0,0.0,0.0,2026-04-03T05:30:00Z
eth,5m,eth-updown-5m-1775193600,5,5,0,100.0,104.1,100.0,100.0,0.0,0.0,4.1,4.1,2026-04-03T05:25:00Z
eth,5m,eth-updown-5m-1775193300,0,0,0,100.0,0,0,0,100.0,100.0,0.0,0.0,2026-04-03T05:20:00Z
eth,5m,eth-updown-5m-1775193000,0,0,0,100.0,0,0,0,100.0,100.0,0.0,0.0,2026-04-03T05:15:00Z
eth,5m,eth-updown-5m-1775192700,0,0,0,100.0,0,0,0,100.0,100.0,0.0,0.0,2026-04-03T05:10:00Z
eth,5m,eth-updown-5m-1775192400,6,6,0,100.0,102.4,100.0,100.0,0.0,0.0,2.4,2.4,2026-04-03T05:05:00Z
eth,5m,eth-updown-5m-1775192100,3,3,0,100.0,101.9,100.0,100.0,0.0,0.0,1.9,1.9,2026-04-03T05:00:00Z
eth,5m,eth-updown-5m-1775191800,10,10,0,100.0,92.9,100.0,100.0,0.0,0.0,-7.1,-7.1,2026-04-03T04:55:00Z
eth,5m,eth-updown-5m-1775191500,0,0,0,100.0,0,0,0,100.0,100.0,0.0,0.0,2026-04-03T04:50:00Z
eth,5m,eth-updown-5m-1775191200,3,3,0,100.0,101.9,100.0,100.0,0.0,0.0,1.9,1.9,2026-04-03T04:45:00Z
eth,5m,eth-updown-5m-1775190900,2,2,0,100.0,106.0,100.0,100.0,0.0,0.0,6.0,6.0,2026-04-03T04:40:00Z
eth,5m,eth-updown-5m-1775190600,6,6,0,100.0,102.4,100.0,100.0,0.0,0.0,2.4,2.4,2026-04-03T04:35:00Z
eth,5m,eth-updown-5m-1775190300,5,5,0,100.0,103.4,100.0,100.0,0.0,0.0,3.4,3.4,2026-04-03T04:30:00Z
eth,5m,eth-updown-5m-1775190000,0,0,0,100.0,0,0,0,100.0,100.0,0.0,0.0,2026-04-03T04:25:00Z
eth,5m,eth-updown-5m-1775189700,0,0,0,100.0,0,0,0,100.0,100.0,0.0,0.0,2026-04-03T04:20:00Z
eth,5m,eth-updown-5m-1775189400,0,0,0,100.0,0,0,0,100.0,100.0,0.0,0.0,2026-04-03T04:15:00Z
eth,5m,eth-updown-5m-1775189100,11,11,0,100.0,101.9,100.0,100.0,0.0,0.0,1.9,1.9,2026-04-03T04:10:00Z
eth,5m,eth-updown-5m-1775188800,0,0,0,100.0,0,0,0,100.0,100.0,0.0,0.0,2026-04-03T04:05:00Z
eth,5m,eth-updown-5m-1775188500,11,11,0,100.0,101.5,100.0,100.0,0.0,0.0,1.5,1.5,2026-04-03T04:00:00Z
eth,5m,eth-updown-5m-1775188200,0,0,0,100.0,0,0,0,100.0,100.0,0.0,0.0,2026-04-03T03:55:00Z
eth,5m,eth-updown-5m-1775187900,11,11,0,100.0,101.8,100.0,100.0,0.0,0.0,1.8,1.8,2026-04-03T03:50:00Z
eth,5m,eth-updown-5m-1775187600,5,5,0,100.0,103.4,100.0,100.0,0.0,0.0,3.4,3.4,2026-04-03T03:45:00Z
eth,5m,eth-updown-5m-1775187300,0,0,0,100.0,0,0,0,100.0,100.0,0.0,0.0,2026-04-03T03:40:00Z
eth,5m,eth-updown-5m-1775187000,0,0,0,100.0,0,0,0,100.0,100.0,0.0,0.0,2026-04-03T03:35:00Z
eth,5m,eth-updown-5m-1775186700,0,0,0,100.0,0,0,0,100.0,100.0,0.0,0.0,2026-04-03T03:30:00Z
eth,5m,eth-updown-5m-1775186400,11,11,0,100.0,103.5,100.0,100.0,0.0,0.0,3.5,3.5,2026-04-03T03:25:00Z
eth,5m,eth-updown-5m-1775186100,11,11,0,100.0,101.5,100.0,100.0,0.0,0.0,1.5,1.5,2026-04-03T03:20:00Z
eth,5m,eth-updown-5m-1775185800,3,3,0,100.0,102.8,100.0,100.0,0.0,0.0,2.8,2.8,2026-04-03T03:15:00Z
eth,5m,eth-updown-5m-1775185500,0,0,0,100.0,0,0,0,100.0,100.0,0.0,0.0,2026-04-03T03:10:00Z
eth,5m,eth-updown-5m-1775185200,4,4,0,100.0,102.7,100.0,100.0,0.0,0.0,2.7,2.7,2026-04-03T03:05:00Z
eth,5m,eth-updown-5m-1775184900,3,3,0,100.0,101.9,100.0,100.0,0.0,0.0,1.9,1.9,2026-04-03T03:00:00Z
eth,5m,eth-updown-5m-1775184600,0,0,0,100.0,0,0,0,100.0,100.0,0.0,0.0,2026-04-03T02:55:00Z
eth,5m,eth-updown-5m-1775184300,4,4,0,100.0,102.7,100.0,100.0,0.0,0.0,2.7,2.7,2026-04-03T02:50:00Z
eth,5m,eth-updown-5m-1775184000,11,11,0,100.0,103.1,100.0,100.0,0.0,0.0,3.1,3.1,2026-04-03T02:45:00Z
eth,5m,eth-updown-5m-1775183700,0,0,0,100.0,0,0,0,100.0,100.0,0.0,0.0,2026-04-03T02:40:00Z
eth,5m,eth-updown-5m-1775183400,11,11,0,100.0,102.5,100.0,100.0,0.0,0.0,2.5,2.5,2026-04-03T02:35:00Z
eth,5m,eth-updown-5m-1775183100,0,0,0,100.0,0,0,0,100.0,100.0,0.0,0.0,2026-04-03T02:30:00Z
eth,5m,eth-updown-5m-1775182800,0,0,0,100.0,0,0,0,100.0,100.0,0.0,0.0,2026-04-03T02:25:00Z
eth,5m,eth-updown-5m-1775182500,0,0,0,100.0,0,0,0,100.0,100.0,0.0,0.0,2026-04-03T02:20:00Z
eth,5m,eth-updown-5m-1775182200,0,0,0,100.0,0,0,0,100.0,100.0,0.0,0.0,2026-04-03T02:15:00Z
eth,5m,eth-updown-5m-1775181900,6,6,0,100.0,104.0,100.0,100.0,0.0,0.0,4.0,4.0,2026-04-03T02:10:00Z
eth,5m,eth-updown-5m-1775181600,0,0,0,100.0,0,0,0,100.0,100.0,0.0,0.0,2026-04-03T02:05:00Z
eth,5m,eth-updown-5m-1775181300,0,0,0,100.0,0,0,0,100.0,100.0,0.0,0.0,2026-04-03T02:00:00Z
eth,5m,eth-updown-5m-1775181000,5,5,0,100.0,103.4,100.0,100.0,0.0,0.0,3.4,3.4,2026-04-03T01:55:00Z
eth,5m,eth-updown-5m-1775180700,4,4,0,100.0,54.7,100.0,100.0,0.0,0.0,-45.3,-45.3,2026-04-03T01:50:00Z
eth,5m,eth-updown-5m-1775180400,0,0,0,100.0,0,0,0,100.0,100.0,0.0,0.0,2026-04-03T01:45:00Z
eth,5m,eth-updown-5m-1775180100,0,0,0,100.0,0,0,0,100.0,100.0,0.0,0.0,2026-04-03T01:40:00Z
eth,5m,eth-updown-5m-1775179800,2,2,0,100.0,24.0,100.0,100.0,0.0,0.0,-76.0,-76.0,2026-04-03T01:35:00Z
eth,5m,eth-updown-5m-1775179500,0,0,0,100.0,0,0,0,100.0,100.0,0.0,0.0,2026-04-03T01:30:00Z
eth,5m,eth-updown-5m-1775179200,0,0,0,100.0,0,0,0,100.0,100.0,0.0,0.0,2026-04-03T01:25:00Z
eth,5m,eth-updown-5m-1775178900,6,6,0,100.0,104.0,100.0,100.0,0.0,0.0,4.0,4.0,2026-04-03T01:20:00Z
eth,5m,eth-updown-5m-1775178600,4,4,0,100.0,102.68,100.0,100.0,0.0,0.0,2.68,2.68,2026-04-03T01:15:00Z
eth,5m,eth-updown-5m-1775178300,5,5,0,100.0,103.6,100.0,100.0,0.0,0.0,3.6,3.6,2026-04-03T01:10:00Z
eth,5m,eth-updown-5m-1775178000,3,3,0,100.0,33.5,100.0,100.0,0.0,0.0,-66.5,-66.5,2026-04-03T01:05:00Z
eth,5m,eth-updown-5m-1775177700,0,0,0,100.0,0,0,0,100.0,100.0,0.0,0.0,2026-04-03T01:00:00Z
eth,5m,eth-updown-5m-1775177400,0,0,0,100.0,0,0,0,100.0,100.0,0.0,0.0,2026-04-03T00:55:00Z
eth,5m,eth-updown-5m-1775177100,5,5,0,100.0,103.4,100.0,100.0,0.0,0.0,3.4,3.4,2026-04-03T00:50:00Z
eth,5m,eth-updown-5m-1775176800,0,0,0,100.0,0,0,0,100.0,100.0,0.0,0.0,2026-04-03T00:45:00Z
eth,5m,eth-updown-5m-1775176500,0,0,0,100.0,0,0,0,100.0,100.0,0.0,0.0,2026-04-03T00:40:00Z
eth,5m,eth-updown-5m-1775176200,0,0,0,100.0,0,0,0,100.0,100.0,0.0,0.0,2026-04-03T00:35:00Z
eth,5m,eth-updown-5m-1775175900,0,0,0,100.0,0,0,0,100.0,100.0,0.0,0.0,2026-04-03T00:30:00Z
eth,5m,eth-updown-5m-1775175600,0,0,0,100.0,0,0,0,100.0,100.0,0.0,0.0,2026-04-03T00:25:00Z
eth,5m,eth-updown-5m-1775175300,0,0,0,100.0,0,0,0,100.0,100.0,0.0,0.0,2026-04-03T00:20:00Z
eth,5m,eth-updown-5m-1775175000,11,11,0,100.0,102.3,100.0,100.0,0.0,0.0,2.3,2.3,2026-04-03T00:15:00Z
eth,5m,eth-updown-5m-1775174700,0,0,0,100.0,0,0,0,100.0,100.0,0.0,0.0,2026-04-03T00:10:00Z
eth,5m,eth-updown-5m-1775174400,8,8,0,100.0,103.7,100.0,100.0,0.0,0.0,3.7,3.7,2026-04-03T00:05:00Z
eth,5m,eth-updown-5m-1775174100,4,4,0,100.0,105.5,100.0,100.0,0.0,0.0,5.5,5.5,2026-04-03T00:00:00Z
eth,5m,eth-updown-5m-1775173800,0,0,0,100.0,0,0,0,100.0,100.0,0.0,0.0,2026-04-02T23:55:00Z
eth,5m,eth-updown-5m-1775173500,11,11,0,100.0,102.3,100.0,100.0,0.0,0.0,2.3,2.3,2026-04-02T23:50:00Z
eth,5m,eth-updown-5m-1775173200,3,3,0,100.0,101.9,100.0,100.0,0.0,0.0,1.9,1.9,2026-04-02T23:45:00Z
eth,5m,eth-updown-5m-1775172900,3,3,0,100.0,101.9,100.0,100.0,0.0,0.0,1.9,1.9,2026-04-02T23:40:00Z
eth,5m,eth-updown-5m-1775172600,0,0,0,100.0,0,0,0,100.0,100.0,0.0,0.0,2026-04-02T23:35:00Z
eth,5m,eth-updown-5m-1775172300,0,0,0,100.0,0,0,0,100.0,100.0,0.0,0.0,2026-04-02T23:30:00Z
eth,5m,eth-updown-5m-1775172000,0,0,0,100.0,0,0,0,100.0,100.0,0.0,0.0,2026-04-02T23:25:00Z
eth,5m,eth-updown-5m-1775171700,0,0,0,100.0,0,0,0,100.0,100.0,0.0,0.0,2026-04-02T23:20:00Z
eth,5m,eth-updown-5m-1775171400,5,5,0,100.0,103.4,100.0,100.0,0.0,0.0,3.4,3.4,2026-04-02T23:15:00Z
eth,5m,eth-updown-5m-1775171100,0,0,0,100.0,0,0,0,100.0,100.0,0.0,0.0,2026-04-02T23:10:00Z
eth,5m,eth-updown-5m-1775170800,3,3,0,100.0,101.9,100.0,100.0,0.0,0.0,1.9,1.9,2026-04-02T23:05:00Z
eth,5m,eth-updown-5m-1775170500,6,6,0,100.0,53.4,100.0,100.0,0.0,0.0,-46.6,-46.6,2026-04-02T23:00:00Z
eth,5m,eth-updown-5m-1775170200,0,0,0,100.0,0,0,0,100.0,100.0,0.0,0.0,2026-04-02T22:55:00Z
eth,5m,eth-updown-5m-1775169900,3,3,0,100.0,101.9,100.0,100.0,0.0,0.0,1.9,1.9,2026-04-02T22:50:00Z
eth,5m,eth-updown-5m-1775169600,0,0,0,100.0,0,0,0,100.0,100.0,0.0,0.0,2026-04-02T22:45:00Z
eth,5m,eth-updown-5m-1775169300,4,4,0,100.0,103.6,100.0,100.0,0.0,0.0,3.6,3.6,2026-04-02T22:40:00Z
eth,5m,eth-updown-5m-1775169000,0,0,0,100.0,0,0,0,100.0,100.0,0.0,0.0,2026-04-02T22:35:00Z
eth,5m,eth-updown-5m-1775168700,0,0,0,100.0,0,0,0,100.0,100.0,0.0,0.0,2026-04-02T22:30:00Z
eth,5m,eth-updown-5m-1775168400,0,0,0,100.0,0,0,0,100.0,100.0,0.0,0.0,2026-04-02T22:25:00Z
eth,5m,eth-updown-5m-1775168100,7,7,0,100.0,102.3,100.0,100.0,0.0,0.0,2.3,2.3,2026-04-02T22:20:00Z
eth,5m,eth-updown-5m-1775167800,0,0,0,100.0,0,0,0,100.0,100.0,0.0,0.0,2026-04-02T22:15:00Z
eth,5m,eth-updown-5m-1775167500,5,5,0,100.0,104.3,100.0,100.0,0.0,0.0,4.3,4.3,2026-04-02T22:10:00Z
eth,5m,eth-updown-5m-1775167200,4,4,0,100.0,102.7,100.0,100.0,0.0,0.0,2.7,2.7,2026-04-02T22:05:00Z
eth,5m,eth-updown-5m-1775166900,4,4,0,100.0,102.7,100.0,100.0,0.0,0.0,2.7,2.7,2026-04-02T22:00:00Z
eth,5m,eth-updown-5m-1775166600,0,0,0,100.0,0,0,0,100.0,100.0,0.0,0.0,2026-04-02T21:55:00Z
eth,5m,eth-updown-5m-1775166300,9,9,0,100.0,86.7,100.0,100.0,0.0,0.0,-13.3,-13.3,2026-04-02T21:50:00Z
eth,5m,eth-updown-5m-1775166000,3,3,0,100.0,102.9,100.0,100.0,0.0,0.0,2.9,2.9,2026-04-02T21:45:00Z
eth,5m,eth-updown-5m-1775165700,0,0,0,100.0,0,0,0,100.0,100.0,0.0,0.0,2026-04-02T21:40:00Z
eth,5m,eth-updown-5m-1775165400,0,0,0,100.0,0,0,0,100.0,100.0,0.0,0.0,2026-04-02T21:35:00Z
eth,5m,eth-updown-5m-1775165100,3,3,0,100.0,101.9,100.0,100.0,0.0,0.0,1.9,1.9,2026-04-02T21:30:00Z
eth,5m,eth-updown-5m-1775164800,0,0,0,100.0,0,0,0,100.0,100.0,0.0,0.0,2026-04-02T21:25:00Z
eth,5m,eth-updown-5m-1775164500,0,0,0,100.0,0,0,0,100.0,100.0,0.0,0.0,2026-04-02T21:20:00Z
eth,5m,eth-updown-5m-1775164200,0,0,0,100.0,0,0,0,100.0,100.0,0.0,0.0,2026-04-02T21:15:00Z
eth,5m,eth-updown-5m-1775163900,0,0,0,100.0,0,0,0,100.0,100.0,0.0,0.0,2026-04-02T21:10:00Z
eth,5m,eth-updown-5m-1775163600,5,5,0,100.0,103.4,100.0,100.0,0.0,0.0,3.4,3.4,2026-04-02T21:05:00Z
eth,5m,eth-updown-5m-1775163300,5,5,0,100.0,103.4,100.0,100.0,0.0,0.0,3.4,3.4,2026-04-02T21:00:00Z
eth,5m,eth-updown-5m-1775163000,2,2,0,100.0,101.0,100.0,100.0,0.0,0.0,1.0,1.0,2026-04-02T20:55:00Z
eth,5m,eth-updown-5m-1775162700,0,0,0,100.0,0,0,0,100.0,100.0,0.0,0.0,2026-04-02T20:50:00Z
eth,5m,eth-updown-5m-1775162400,0,0,0,100.0,0,0,0,100.0,100.0,0.0,0.0,2026-04-02T20:45:00Z
eth,5m,eth-updown-5m-1775162100,0,0,0,100.0,0,0,0,100.0,100.0,0.0,0.0,2026-04-02T20:40:00Z
eth,5m,eth-updown-5m-1775161800,0,0,0,100.0,0,0,0,100.0,100.0,0.0,0.0,2026-04-02T20:35:00Z
eth,5m,eth-updown-5m-1775161500,0,0,0,100.0,0,0,0,100.0,100.0,0.0,0.0,2026-04-02T20:30:00Z
eth,5m,eth-updown-5m-1775161200,0,0,0,100.0,0,0,0,100.0,100.0,0.0,0.0,2026-04-02T20:25:00Z
eth,5m,eth-updown-5m-1775160900,0,0,0,100.0,0,0,0,100.0,100.0,0.0,0.0,2026-04-02T20:20:00Z
eth,5m,eth-updown-5m-1775160600,3,3,0,100.0,102.8,100.0,100.0,0.0,0.0,2.8,2.8,2026-04-02T20:15:00Z
eth,5m,eth-updown-5m-1775160300,0,0,0,100.0,0,0,0,100.0,100.0,0.0,0.0,2026-04-02T20:10:00Z
eth,5m,eth-updown-5m-1775160000,0,0,0,100.0,0,0,0,100.0,100.0,0.0,0.0,2026-04-02T20:05:00Z
eth,5m,eth-updown-5m-1775159700,11,11,0,100.0,102.5,100.0,100.0,0.0,0.0,2.5,2.5,2026-04-02T20:00:00Z
eth,5m,eth-updown-5m-1775159400,0,0,0,100.0,0,0,0,100.0,100.0,0.0,0.0,2026-04-02T19:55:00Z
eth,5m,eth-updown-5m-1775159100,10,10,0,100.0,103.0,100.0,100.0,0.0,0.0,3.0,3.0,2026-04-02T19:50:00Z
eth,5m,eth-updown-5m-1775158800,8,8,0,100.0,103.3,100.0,100.0,0.0,0.0,3.3,3.3,2026-04-02T19:45:00Z
eth,5m,eth-updown-5m-1775158500,8,8,0,100.0,103.7,100.0,100.0,0.0,0.0,3.7,3.7,2026-04-02T19:40:00Z
eth,5m,eth-updown-5m-1775158200,0,0,0,100.0,0,0,0,100.0,100.0,0.0,0.0,2026-04-02T19:35:00Z
eth,5m,eth-updown-5m-1775157900,6,6,0,100.0,104.0,100.0,100.0,0.0,0.0,4.0,4.0,2026-04-02T19:30:00Z
eth,5m,eth-updown-5m-1775157600,2,2,0,100.0,13.7,100.0,10.0,0.0,90.0,-86.3,3.7,2026-04-02T19:25:00Z
eth,5m,eth-updown-5m-1775157300,4,4,0,100.0,103.5,100.0,100.0,0.0,0.0,3.5,3.5,2026-04-02T19:20:00Z
eth,5m,eth-updown-5m-1775157000,5,5,0,100.0,104.4,100.0,100.0,0.0,0.0,4.4,4.4,2026-04-02T19:15:00Z
eth,5m,eth-updown-5m-1775156700,6,6,0,100.0,102.4,100.0,100.0,0.0,0.0,2.4,2.4,2026-04-02T19:10:00Z
eth,5m,eth-updown-5m-1775156400,10,10,0,100.0,102.2,100.0,100.0,0.0,0.0,2.2,2.2,2026-04-02T19:05:00Z
eth,5m,eth-updown-5m-1775156100,11,11,0,100.0,101.5,100.0,100.0,0.0,0.0,1.5,1.5,2026-04-02T19:00:00Z
eth,5m,eth-updown-5m-1775155800,0,0,0,100.0,0,0,0,100.0,100.0,0.0,0.0,2026-04-02T18:55:00Z
eth,5m,eth-updown-5m-1775155500,0,0,0,100.0,0,0,0,100.0,100.0,0.0,0.0,2026-04-02T18:50:00Z
eth,5m,eth-updown-5m-1775155200,0,0,0,100.0,0,0,0,100.0,100.0,0.0,0.0,2026-04-02T18:45:00Z
eth,5m,eth-updown-5m-1775154900,3,3,0,100.0,101.9,100.0,100.0,0.0,0.0,1.9,1.9,2026-04-02T18:40:00Z
eth,5m,eth-updown-5m-1775154600,0,0,0,100.0,0,0,0,100.0,100.0,0.0,0.0,2026-04-02T18:35:00Z
eth,5m,eth-updown-5m-1775154300,0,0,0,100.0,0,0,0,100.0,100.0,0.0,0.0,2026-04-02T18:30:00Z
eth,5m,eth-updown-5m-1775154000,3,3,0,100.0,101.9,100.0,100.0,0.0,0.0,1.9,1.9,2026-04-02T18:25:00Z
eth,5m,eth-updown-5m-1775153700,0,0,0,100.0,0,0,0,100.0,100.0,0.0,0.0,2026-04-02T18:20:00Z
eth,5m,eth-updown-5m-1775153400,11,11,0,100.0,102.35,100.0,100.0,0.0,0.0,2.35,2.35,2026-04-02T18:15:00Z
eth,5m,eth-updown-5m-1775153100,0,0,0,100.0,0,0,0,100.0,100.0,0.0,0.0,2026-04-02T18:10:00Z
eth,5m,eth-updown-5m-1775152800,2,2,0,100.0,53.0,100.0,100.0,0.0,0.0,-47.0,-47.0,2026-04-02T18:05:00Z
eth,5m,eth-updown-5m-1775152500,0,0,0,100.0,0,0,0,100.0,100.0,0.0,0.0,2026-04-02T18:00:00Z
eth,5m,eth-updown-5m-1775152200,0,0,0,100.0,0,0,0,100.0,100.0,0.0,0.0,2026-04-02T17:55:00Z
eth,5m,eth-updown-5m-1775151900,0,0,0,100.0,0,0,0,100.0,100.0,0.0,0.0,2026-04-02T17:50:00Z
eth,5m,eth-updown-5m-1775151600,0,0,0,100.0,0,0,0,100.0,100.0,0.0,0.0,2026-04-02T17:45:00Z
eth,5m,eth-updown-5m-1775151300,0,0,0,100.0,0,0,0,100.0,100.0,0.0,0.0,2026-04-02T17:40:00Z
eth,5m,eth-updown-5m-1775151000,0,0,0,100.0,0,0,0,100.0,100.0,0.0,0.0,2026-04-02T17:35:00Z
eth,5m,eth-updown-5m-1775150700,0,0,0,100.0,0,0,0,100.0,100.0,0.0,0.0,2026-04-02T17:30:00Z
eth,5m,eth-updown-5m-1775150400,11,11,0,100.0,102.9,100.0,100.0,0.0,0.0,2.9,2.9,2026-04-02T17:25:00Z
eth,5m,eth-updown-5m-1775150100,0,0,0,100.0,0,0,0,100.0,100.0,0.0,0.0,2026-04-02T17:20:00Z
eth,5m,eth-updown-5m-1775149800,0,0,0,100.0,0,0,0,100.0,100.0,0.0,0.0,2026-04-02T17:15:00Z
eth,5m,eth-updown-5m-1775149500,4,4,0,100.0,102.7,100.0,100.0,0.0,0.0,2.7,2.7,2026-04-02T17:10:00Z
eth,5m,eth-updown-5m-1775149200,0,0,0,100.0,0,0,0,100.0,100.0,0.0,0.0,2026-04-02T17:05:00Z
eth,5m,eth-updown-5m-1775148900,0,0,0,100.0,0,0,0,100.0,100.0,0.0,0.0,2026-04-02T17:00:00Z
eth,5m,eth-updown-5m-1775148600,4,4,0,100.0,102.7,100.0,100.0,0.0,0.0,2.7,2.7,2026-04-02T16:55:00Z
eth,5m,eth-updown-5m-1775148300,9,9,0,100.0,102.9,100.0,100.0,0.0,0.0,2.9,2.9,2026-04-02T16:50:00Z
eth,5m,eth-updown-5m-1775148000,5,5,0,100.0,103.4,100.0,100.0,0.0,0.0,3.4,3.4,2026-04-02T16:45:00Z
eth,5m,eth-updown-5m-1775147700,4,4,0,100.0,102.7,100.0,100.0,0.0,0.0,2.7,2.7,2026-04-02T16:40:00Z
eth,5m,eth-updown-5m-1775147400,0,0,0,100.0,0,0,0,100.0,100.0,0.0,0.0,2026-04-02T16:35:00Z
eth,5m,eth-updown-5m-1775147100,0,0,0,100.0,0,0,0,100.0,100.0,0.0,0.0,2026-04-02T16:30:00Z
eth,5m,eth-updown-5m-1775146800,4,4,0,100.0,102.7,100.0,100.0,0.0,0.0,2.7,2.7,2026-04-02T16:25:00Z
eth,5m,eth-updown-5m-1775146500,6,6,0,100.0,104.0,100.0,100.0,0.0,0.0,4.0,4.0,2026-04-02T16:20:00Z
eth,5m,eth-updown-5m-1775146200,4,4,0,100.0,103.7,100.0,100.0,0.0,0.0,3.7,3.7,2026-04-02T16:15:00Z
eth,5m,eth-updown-5m-1775145900,4,4,0,100.0,102.7,100.0,100.0,0.0,0.0,2.7,2.7,2026-04-02T16:10:00Z
eth,5m,eth-updown-5m-1775145600,3,3,0,100.0,101.9,100.0,100.0,0.0,0.0,1.9,1.9,2026-04-02T16:05:00Z
eth,5m,eth-updown-5m-1775145300,6,6,0,100.0,102.4,100.0,100.0,0.0,0.0,2.4,2.4,2026-04-02T16:00:00Z
eth,5m,eth-updown-5m-1775145000,11,11,0,100.0,102.5,100.0,100.0,0.0,0.0,2.5,2.5,2026-04-02T15:55:00Z
eth,5m,eth-updown-5m-1775144700,0,0,0,100.0,0,0,0,100.0,100.0,0.0,0.0,2026-04-02T15:50:00Z
eth,5m,eth-updown-5m-1775144400,0,0,0,100.0,0,0,0,100.0,100.0,0.0,0.0,2026-04-02T15:45:00Z
eth,5m,eth-updown-5m-1775144100,0,0,0,100.0,0,0,0,100.0,100.0,0.0,0.0,2026-04-02T15:40:00Z
eth,5m,eth-updown-5m-1775143800,0,0,0,100.0,0,0,0,100.0,100.0,0.0,0.0,2026-04-02T15:35:00Z
eth,5m,eth-updown-5m-1775143500,0,0,0,100.0,0,0,0,100.0,100.0,0.0,0.0,2026-04-02T15:30:00Z
eth,5m,eth-updown-5m-1775143200,0,0,0,100.0,0,0,0,100.0,100.0,0.0,0.0,2026-04-02T15:25:00Z
eth,5m,eth-updown-5m-1775142900,0,0,0,100.0,0,0,0,100.0,100.0,0.0,0.0,2026-04-02T15:20:00Z
eth,5m,eth-updown-5m-1775142600,11,11,0,100.0,102.7,100.0,100.0,0.0,0.0,2.7,2.7,2026-04-02T15:15:00Z
eth,5m,eth-updown-5m-1775142300,0,0,0,100.0,0,0,0,100.0,100.0,0.0,0.0,2026-04-02T15:10:00Z
eth,5m,eth-updown-5m-1775142000,5,5,0,100.0,66.1,100.0,100.0,0.0,0.0,-33.9,-33.9,2026-04-02T15:05:00Z
eth,5m,eth-updown-5m-1775141700,5,5,0,100.0,103.3,100.0,100.0,0.0,0.0,3.3,3.3,2026-04-02T15:00:00Z
eth,5m,eth-updown-5m-1775141400,0,0,0,100.0,0,0,0,100.0,100.0,0.0,0.0,2026-04-02T14:55:00Z
eth,5m,eth-updown-5m-1775141100,0,0,0,100.0,0,0,0,100.0,100.0,0.0,0.0,2026-04-02T14:50:00Z
eth,5m,eth-updown-5m-1775140800,5,5,0,100.0,103.4,100.0,100.0,0.0,0.0,3.4,3.4,2026-04-02T14:45:00Z
eth,5m,eth-updown-5m-1775140500,0,0,0,100.0,0,0,0,100.0,100.0,0.0,0.0,2026-04-02T14:40:00Z
eth,5m,eth-updown-5m-1775140200,0,0,0,100.0,0,0,0,100.0,100.0,0.0,0.0,2026-04-02T14:35:00Z
eth,5m,eth-updown-5m-1775139900,0,0,0,100.0,0,0,0,100.0,100.0,0.0,0.0,2026-04-02T14:30:00Z
eth,5m,eth-updown-5m-1775139600,0,0,0,100.0,0,0,0,100.0,100.0,0.0,0.0,2026-04-02T14:25:00Z
eth,5m,eth-updown-5m-1775139300,0,0,0,100.0,0,0,0,100.0,100.0,0.0,0.0,2026-04-02T14:20:00Z
eth,5m,eth-updown-5m-1775139000,3,3,0,100.0,101.9,100.0,100.0,0.0,0.0,1.9,1.9,2026-04-02T14:15:00Z
eth,5m,eth-updown-5m-1775138700,0,0,0,100.0,0,0,0,100.0,100.0,0.0,0.0,2026-04-02T14:10:00Z
eth,5m,eth-updown-5m-1775138400,0,0,0,100.0,0,0,0,100.0,100.0,0.0,0.0,2026-04-02T14:05:00Z
eth,5m,eth-updown-5m-1775138100,0,0,0,100.0,0,0,0,100.0,100.0,0.0,0.0,2026-04-02T14:00:00Z
eth,5m,eth-updown-5m-1775137800,0,0,0,100.0,0,0,0,100.0,100.0,0.0,0.0,2026-04-02T13:55:00Z
eth,5m,eth-updown-5m-1775137500,0,0,0,100.0,0,0,0,100.0,100.0,0.0,0.0,2026-04-02T13:50:00Z
eth,5m,eth-updown-5m-1775137200,11,11,0,100.0,102.3,100.0,100.0,0.0,0.0,2.3,2.3,2026-04-02T13:45:00Z
eth,5m,eth-updown-5m-1775136900,0,0,0,100.0,0,0,0,100.0,100.0,0.0,0.0,2026-04-02T13:40:00Z
eth,5m,eth-updown-5m-1775136600,0,0,0,100.0,0,0,0,100.0,100.0,0.0,0.0,2026-04-02T13:35:00Z
eth,5m,eth-updown-5m-1775136300,0,0,0,100.0,0,0,0,100.0,100.0,0.0,0.0,2026-04-02T13:30:00Z
eth,5m,eth-updown-5m-1775136000,0,0,0,100.0,0,0,0,100.0,100.0,0.0,0.0,2026-04-02T13:25:00Z
eth,5m,eth-updown-5m-1775135700,2,2,0,100.0,99.0,100.0,100.0,0.0,0.0,-1.0,-1.0,2026-04-02T13:20:00Z
eth,5m,eth-updown-5m-1775135400,0,0,0,100.0,0,0,0,100.0,100.0,0.0,0.0,2026-04-02T13:15:00Z
eth,5m,eth-updown-5m-1775135100,6,6,0,100.0,104.0,100.0,100.0,0.0,0.0,4.0,4.0,2026-04-02T13:10:00Z
eth,5m,eth-updown-5m-1775134800,0,0,0,100.0,0,0,0,100.0,100.0,0.0,0.0,2026-04-02T13:05:00Z
eth,5m,eth-updown-5m-1775134500,4,4,0,100.0,102.7,100.0,100.0,0.0,0.0,2.7,2.7,2026-04-02T13:00:00Z
eth,5m,eth-updown-5m-1775134200,5,5,0,100.0,103.4,100.0,100.0,0.0,0.0,3.4,3.4,2026-04-02T12:55:00Z
eth,5m,eth-updown-5m-1775133900,0,0,0,100.0,0,0,0,100.0,100.0,0.0,0.0,2026-04-02T12:50:00Z
eth,5m,eth-updown-5m-1775133600,2,2,0,100.0,100.0,100.0,100.0,0.0,0.0,0.0,0.0,2026-04-02T12:45:00Z
eth,5m,eth-updown-5m-1775133300,4,4,0,100.0,102.7,100.0,100.0,0.0,0.0,2.7,2.7,2026-04-02T12:40:00Z
eth,5m,eth-updown-5m-1775133000,8,8,0,100.0,103.3,100.0,100.0,0.0,0.0,3.3,3.3,2026-04-02T12:35:00Z
eth,5m,eth-updown-5m-1775132700,4,4,0,100.0,102.7,100.0,100.0,0.0,0.0,2.7,2.7,2026-04-02T12:30:00Z
eth,5m,eth-updown-5m-1775132400,0,0,0,100.0,0,0,0,100.0,100.0,0.0,0.0,2026-04-02T12:25:00Z
eth,5m,eth-updown-5m-1775132100,3,3,0,100.0,101.9,100.0,100.0,0.0,0.0,1.9,1.9,2026-04-02T12:20:00Z
eth,5m,eth-updown-5m-1775131800,11,11,0,100.0,102.5,100.0,100.0,0.0,0.0,2.5,2.5,2026-04-02T12:15:00Z
eth,5m,eth-updown-5m-1775131500,3,3,0,100.0,101.9,100.0,100.0,0.0,0.0,1.9,1.9,2026-04-02T12:10:00Z
eth,5m,eth-updown-5m-1775131200,0,0,0,100.0,0,0,0,100.0,100.0,0.0,0.0,2026-04-02T12:05:00Z
eth,5m,eth-updown-5m-1775130900,4,4,0,100.0,102.7,100.0,100.0,0.0,0.0,2.7,2.7,2026-04-02T12:00:00Z
eth,5m,eth-updown-5m-1775130600,0,0,0,100.0,0,0,0,100.0,100.0,0.0,0.0,2026-04-02T11:55:00Z
eth,5m,eth-updown-5m-1775130300,3,3,0,100.0,101.9,100.0,100.0,0.0,0.0,1.9,1.9,2026-04-02T11:50:00Z
eth,5m,eth-updown-5m-1775130000,3,3,0,100.0,102.8,100.0,100.0,0.0,0.0,2.8,2.8,2026-04-02T11:45:00Z
eth,5m,eth-updown-5m-1775129700,0,0,0,100.0,0,0,0,100.0,100.0,0.0,0.0,2026-04-02T11:40:00Z
eth,5m,eth-updown-5m-1775129400,11,11,0,100.0,101.7,100.0,100.0,0.0,0.0,1.7,1.7,2026-04-02T11:35:00Z
eth,5m,eth-updown-5m-1775129100,0,0,0,100.0,0,0,0,100.0,100.0,0.0,0.0,2026-04-02T11:30:00Z
eth,5m,eth-updown-5m-1775128800,0,0,0,100.0,0,0,0,100.0,100.0,0.0,0.0,2026-04-02T11:25:00Z
eth,5m,eth-updown-5m-1775128500,3,3,0,100.0,101.9,100.0,100.0,0.0,0.0,1.9,1.9,2026-04-02T11:20:00Z
eth,5m,eth-updown-5m-1775128200,0,0,0,100.0,0,0,0,100.0,100.0,0.0,0.0,2026-04-02T11:15:00Z
eth,5m,eth-updown-5m-1775127900,0,0,0,100.0,0,0,0,100.0,100.0,0.0,0.0,2026-04-02T11:10:00Z
eth,5m,eth-updown-5m-1775127600,8,8,0,100.0,103.5,100.0,100.0,0.0,0.0,3.5,3.5,2026-04-02T11:05:00Z
eth,5m,eth-updown-5m-1775127300,5,5,0,100.0,104.1,100.0,100.0,0.0,0.0,4.1,4.1,2026-04-02T11:00:00Z
eth,5m,eth-updown-5m-1775127000,0,0,0,100.0,0,0,0,100.0,100.0,0.0,0.0,2026-04-02T10:55:00Z
eth,5m,eth-updown-5m-1775126700,11,11,0,100.0,102.7,100.0,100.0,0.0,0.0,2.7,2.7,2026-04-02T10:50:00Z
eth,5m,eth-updown-5m-1775126400,0,0,0,100.0,0,0,0,100.0,100.0,0.0,0.0,2026-04-02T10:45:00Z
eth,5m,eth-updown-5m-1775126100,5,5,0,100.0,104.1,100.0,100.0,0.0,0.0,4.1,4.1,2026-04-02T10:40:00Z
eth,5m,eth-updown-5m-1775125800,0,0,0,100.0,0,0,0,100.0,100.0,0.0,0.0,2026-04-02T10:35:00Z
eth,5m,eth-updown-5m-1775125500,0,0,0,100.0,0,0,0,100.0,100.0,0.0,0.0,2026-04-02T10:30:00Z
eth,5m,eth-updown-5m-1775125200,6,6,0,100.0,104.0,100.0,100.0,0.0,0.0,4.0,4.0,2026-04-02T10:25:00Z
eth,5m,eth-updown-5m-1775124900,4,4,0,100.0,102.7,100.0,100.0,0.0,0.0,2.7,2.7,2026-04-02T10:20:00Z
eth,5m,eth-updown-5m-1775124600,0,0,0,100.0,0,0,0,100.0,100.0,0.0,0.0,2026-04-02T10:15:00Z
eth,5m,eth-updown-5m-1775124300,0,0,0,100.0,0,0,0,100.0,100.0,0.0,0.0,2026-04-02T10:10:00Z
eth,5m,eth-updown-5m-1775124000,5,5,0,100.0,103.4,100.0,100.0,0.0,0.0,3.4,3.4,2026-04-02T10:05:00Z
eth,5m,eth-updown-5m-1775123700,4,4,0,100.0,102.7,100.0,100.0,0.0,0.0,2.7,2.7,2026-04-02T10:00:00Z
eth,5m,eth-updown-5m-1775123400,3,3,0,100.0,101.9,100.0,100.0,0.0,0.0,1.9,1.9,2026-04-02T09:55:00Z
eth,5m,eth-updown-5m-1775123100,5,5,0,100.0,104.4,100.0,100.0,0.0,0.0,4.4,4.4,2026-04-02T09:50:00Z
eth,5m,eth-updown-5m-1775122800,8,8,0,100.0,103.7,100.0,100.0,0.0,0.0,3.7,3.7,2026-04-02T09:45:00Z
eth,5m,eth-updown-5m-1775122500,11,11,0,100.0,102.9,100.0,100.0,0.0,0.0,2.9,2.9,2026-04-02T09:40:00Z
eth,5m,eth-updown-5m-1775122200,4,4,0,100.0,102.7,100.0,100.0,0.0,0.0,2.7,2.7,2026-04-02T09:35:00Z
eth,5m,eth-updown-5m-1775121900,0,0,0,100.0,0,0,0,100.0,100.0,0.0,0.0,2026-04-02T09:30:00Z
eth,5m,eth-updown-5m-1775121600,0,0,0,100.0,0,0,0,100.0,100.0,0.0,0.0,2026-04-02T09:25:00Z
eth,5m,eth-updown-5m-1775121300,11,11,0,100.0,102.7,100.0,100.0,0.0,0.0,2.7,2.7,2026-04-02T09:20:00Z
eth,5m,eth-updown-5m-1775121000,0,0,0,100.0,0,0,0,100.0,100.0,0.0,0.0,2026-04-02T09:15:00Z
eth,5m,eth-updown-5m-1775120700,9,9,0,100.0,102.8,100.0,100.0,0.0,0.0,2.8,2.8,2026-04-02T09:10:00Z
eth,5m,eth-updown-5m-1775120400,0,0,0,100.0,0,0,0,100.0,100.0,0.0,0.0,2026-04-02T09:05:00Z
eth,5m,eth-updown-5m-1775120100,11,11,0,100.0,102.3,100.0,100.0,0.0,0.0,2.3,2.3,2026-04-02T09:00:00Z
eth,5m,eth-updown-5m-1775119800,0,0,0,100.0,0,0,0,100.0,100.0,0.0,0.0,2026-04-02T08:55:00Z
eth,5m,eth-updown-5m-1775119500,6,6,0,100.0,102.4,100.0,100.0,0.0,0.0,2.4,2.4,2026-04-02T08:50:00Z
eth,5m,eth-updown-5m-1775119200,0,0,0,100.0,0,0,0,100.0,100.0,0.0,0.0,2026-04-02T08:45:00Z
eth,5m,eth-updown-5m-1775118900,0,0,0,100.0,0,0,0,100.0,100.0,0.0,0.0,2026-04-02T08:40:00Z
eth,5m,eth-updown-5m-1775118600,5,5,0,100.0,103.4,100.0,100.0,0.0,0.0,3.4,3.4,2026-04-02T08:35:00Z
eth,5m,eth-updown-5m-1775118300,6,6,0,100.0,104.0,100.0,100.0,0.0,0.0,4.0,4.0,2026-04-02T08:30:00Z
eth,5m,eth-updown-5m-1775118000,0,0,0,100.0,0,0,0,100.0,100.0,0.0,0.0,2026-04-02T08:25:00Z
eth,5m,eth-updown-5m-1775117700,4,4,0,100.0,102.7,100.0,100.0,0.0,0.0,2.7,2.7,2026-04-02T08:20:00Z
eth,5m,eth-updown-5m-1775117400,1,1,0,100.0,2.0,0,100.0,100.0,0.0,2.0,-98.0,2026-04-02T08:15:00Z
eth,5m,eth-updown-5m-1775117100,6,6,0,100.0,104.0,100.0,100.0,0.0,0.0,4.0,4.0,2026-04-02T08:10:00Z
eth,5m,eth-updown-5m-1775116800,0,0,0,100.0,0,0,0,100.0,100.0,0.0,0.0,2026-04-02T08:05:00Z
eth,5m,eth-updown-5m-1775116500,2,2,0,100.0,101.0,100.0,100.0,0.0,0.0,1.0,1.0,2026-04-02T08:00:00Z
eth,5m,eth-updown-5m-1775116200,0,0,0,100.0,0,0,0,100.0,100.0,0.0,0.0,2026-04-02T07:55:00Z
eth,5m,eth-updown-5m-1775115900,0,0,0,100.0,0,0,0,100.0,100.0,0.0,0.0,2026-04-02T07:50:00Z
eth,5m,eth-updown-5m-1775115600,3,3,0,100.0,101.9,100.0,100.0,0.0,0.0,1.9,1.9,2026-04-02T07:45:00Z
eth,5m,eth-updown-5m-1775115300,4,4,0,100.0,103.5,100.0,100.0,0.0,0.0,3.5,3.5,2026-04-02T07:40:00Z
eth,5m,eth-updown-5m-1775115000,0,0,0,100.0,0,0,0,100.0,100.0,0.0,0.0,2026-04-02T07:35:00Z
eth,5m,eth-updown-5m-1775114700,4,4,0,100.0,104.3,100.0,100.0,0.0,0.0,4.3,4.3,2026-04-02T07:30:00Z
eth,5m,eth-updown-5m-1775114400,6,6,0,100.0,104.0,100.0,100.0,0.0,0.0,4.0,4.0,2026-04-02T07:25:00Z
eth,5m,eth-updown-5m-1775114100,0,0,0,100.0,0,0,0,100.0,100.0,0.0,0.0,2026-04-02T07:20:00Z
eth,5m,eth-updown-5m-1775113800,0,0,0,100.0,0,0,0,100.0,100.0,0.0,0.0,2026-04-02T07:15:00Z
eth,5m,eth-updown-5m-1775113500,0,0,0,100.0,0,0,0,100.0,100.0,0.0,0.0,2026-04-02T07:10:00Z
eth,5m,eth-updown-5m-1775113200,2,2,0,100.0,53.0,100.0,100.0,0.0,0.0,-47.0,-47.0,2026-04-02T07:05:00Z
eth,5m,eth-updown-5m-1775112900,0,0,0,100.0,0,0,0,100.0,100.0,0.0,0.0,2026-04-02T07:00:00Z
eth,5m,eth-updown-5m-1775112600,0,0,0,100.0,0,0,0,100.0,100.0,0.0,0.0,2026-04-02T06:55:00Z
eth,5m,eth-updown-5m-1775112300,0,0,0,100.0,0,0,0,100.0,100.0,0.0,0.0,2026-04-02T06:50:00Z
eth,5m,eth-updown-5m-1775112000,2,2,0,100.0,101.0,100.0,100.0,0.0,0.0,1.0,1.0,2026-04-02T06:45:00Z
eth,5m,eth-updown-5m-1775111700,0,0,0,100.0,0,0,0,100.0,100.0,0.0,0.0,2026-04-02T06:40:00Z
eth,5m,eth-updown-5m-1775111400,4,4,0,100.0,103.5,100.0,100.0,0.0,0.0,3.5,3.5,2026-04-02T06:35:00Z
eth,5m,eth-updown-5m-1775111100,3,3,0,100.0,101.9,100.0,100.0,0.0,0.0,1.9,1.9,2026-04-02T06:30:00Z
eth,5m,eth-updown-5m-1775110800,3,3,0,100.0,101.9,100.0,100.0,0.0,0.0,1.9,1.9,2026-04-02T06:25:00Z
eth,5m,eth-updown-5m-1775110500,0,0,0,100.0,0,0,0,100.0,100.0,0.0,0.0,2026-04-02T06:20:00Z
eth,5m,eth-updown-5m-1775110200,2,2,0,100.0,45.0,100.0,100.0,0.0,0.0,-55.0,-55.0,2026-04-02T06:15:00Z
eth,5m,eth-updown-5m-1775109900,9,9,0,100.0,102.7,100.0,100.0,0.0,0.0,2.7,2.7,2026-04-02T06:10:00Z
eth,5m,eth-updown-5m-1775109600,4,4,0,100.0,102.7,100.0,100.0,0.0,0.0,2.7,2.7,2026-04-02T06:05:00Z
eth,5m,eth-updown-5m-1775109300,0,0,0,100.0,0,0,0,100.0,100.0,0.0,0.0,2026-04-02T06:00:00Z
eth,5m,eth-updown-5m-1775109000,1,1,0,100.0,3.0,0,100.0,100.0,0.0,3.0,-97.0,2026-04-02T05:55:00Z
eth,5m,eth-updown-5m-1775108700,5,5,0,100.0,103.4,100.0,100.0,0.0,0.0,3.4,3.4,2026-04-02T05:50:00Z
eth,5m,eth-updown-5m-1775108400,2,2,0,100.0,100.0,100.0,100.0,0.0,0.0,0.0,0.0,2026-04-02T05:45:00Z
eth,5m,eth-updown-5m-1775108100,0,0,0,100.0,0,0,0,100.0,100.0,0.0,0.0,2026-04-02T05:40:00Z
eth,5m,eth-updown-5m-1775107800,3,3,0,100.0,101.9,100.0,100.0,0.0,0.0,1.9,1.9,2026-04-02T05:35:00Z
eth,5m,eth-updown-5m-1775107500,4,4,0,100.0,104.3,100.0,100.0,0.0,0.0,4.3,4.3,2026-04-02T05:30:00Z
eth,5m,eth-updown-5m-1775107200,0,0,0,100.0,0,0,0,100.0,100.0,0.0,0.0,2026-04-02T05:25:00Z
eth,5m,eth-updown-5m-1775106900,2,2,0,100.0,101.0,100.0,100.0,0.0,0.0,1.0,1.0,2026-04-02T05:20:00Z
eth,5m,eth-updown-5m-1775106600,7,7,0,100.0,102.9,100.0,100.0,0.0,0.0,2.9,2.9,2026-04-02T05:15:00Z
eth,5m,eth-updown-5m-1775106300,0,0,0,100.0,0,0,0,100.0,100.0,0.0,0.0,2026-04-02T05:10:00Z
eth,5m,eth-updown-5m-1775106000,0,0,0,100.0,0,0,0,100.0,100.0,0.0,0.0,2026-04-02T05:05:00Z
eth,5m,eth-updown-5m-1775105700,0,0,0,100.0,0,0,0,100.0,100.0,0.0,0.0,2026-04-02T05:00:00Z
eth,5m,eth-updown-5m-1775105400,0,0,0,100.0,0,0,0,100.0,100.0,0.0,0.0,2026-04-02T04:55:00Z
eth,5m,eth-updown-5m-1775105100,11,11,0,100.0,103.1,100.0,100.0,0.0,0.0,3.1,3.1,2026-04-02T04:50:00Z
eth,5m,eth-updown-5m-1775104800,0,0,0,100.0,0,0,0,100.0,100.0,0.0,0.0,2026-04-02T04:45:00Z
eth,5m,eth-updown-5m-1775104500,0,0,0,100.0,0,0,0,100.0,100.0,0.0,0.0,2026-04-02T04:40:00Z
eth,5m,eth-updown-5m-1775104200,4,4,0,100.0,102.7,100.0,100.0,0.0,0.0,2.7,2.7,2026-04-02T04:35:00Z
eth,5m,eth-updown-5m-1775103900,2,2,0,100.0,101.0,100.0,100.0,0.0,0.0,1.0,1.0,2026-04-02T04:30:00Z
eth,5m,eth-updown-5m-1775103600,0,0,0,100.0,0,0,0,100.0,100.0,0.0,0.0,2026-04-02T04:25:00Z
eth,5m,eth-updown-5m-1775103300,0,0,0,100.0,0,0,0,100.0,100.0,0.0,0.0,2026-04-02T04:20:00Z
eth,5m,eth-updown-5m-1775103000,0,0,0,100.0,0,0,0,100.0,100.0,0.0,0.0,2026-04-02T04:15:00Z
eth,5m,eth-updown-5m-1775102700,0,0,0,100.0,0,0,0,100.0,100.0,0.0,0.0,2026-04-02T04:10:00Z
eth,5m,eth-updown-5m-1775102400,3,3,0,100.0,104.7,100.0,100.0,0.0,0.0,4.7,4.7,2026-04-02T04:05:00Z
eth,5m,eth-updown-5m-1775102100,10,10,0,100.0,103.1,100.0,100.0,0.0,0.0,3.1,3.1,2026-04-02T04:00:00Z
eth,5m,eth-updown-5m-1775101800,3,3,0,100.0,101.9,100.0,100.0,0.0,0.0,1.9,1.9,2026-04-02T03:55:00Z
eth,5m,eth-updown-5m-1775101500,6,6,0,100.0,104.0,100.0,100.0,0.0,0.0,4.0,4.0,2026-04-02T03:50:00Z
eth,5m,eth-updown-5m-1775101200,0,0,0,100.0,0,0,0,100.0,100.0,0.0,0.0,2026-04-02T03:45:00Z
eth,5m,eth-updown-5m-1775100900,0,0,0,100.0,0,0,0,100.0,100.0,0.0,0.0,2026-04-02T03:40:00Z
eth,5m,eth-updown-5m-1775100600,4,4,0,100.0,102.7,100.0,100.0,0.0,0.0,2.7,2.7,2026-04-02T03:35:00Z
eth,5m,eth-updown-5m-1775100300,0,0,0,100.0,0,0,0,100.0,100.0,0.0,0.0,2026-04-02T03:30:00Z
eth,5m,eth-updown-5m-1775100000,0,0,0,100.0,0,0,0,100.0,100.0,0.0,0.0,2026-04-02T03:25:00Z
eth,5m,eth-updown-5m-1775099700,6,6,0,100.0,102.4,100.0,100.0,0.0,0.0,2.4,2.4,2026-04-02T03:20:00Z
eth,5m,eth-updown-5m-1775099400,0,0,0,100.0,0,0,0,100.0,100.0,0.0,0.0,2026-04-02T03:15:00Z
eth,5m,eth-updown-5m-1775099100,0,0,0,100.0,0,0,0,100.0,100.0,0.0,0.0,2026-04-02T03:10:00Z
eth,5m,eth-updown-5m-1775098800,11,11,0,100.0,103.1,100.0,100.0,0.0,0.0,3.1,3.1,2026-04-02T03:05:00Z
eth,5m,eth-updown-5m-1775098500,11,11,0,100.0,101.5,100.0,100.0,0.0,0.0,1.5,1.5,2026-04-02T03:00:00Z
eth,5m,eth-updown-5m-1775098200,0,0,0,100.0,0,0,0,100.0,100.0,0.0,0.0,2026-04-02T02:55:00Z
eth,5m,eth-updown-5m-1775097900,0,0,0,100.0,0,0,0,100.0,100.0,0.0,0.0,2026-04-02T02:50:00Z
eth,5m,eth-updown-5m-1775097600,0,0,0,100.0,0,0,0,100.0,100.0,0.0,0.0,2026-04-02T02:45:00Z
eth,5m,eth-updown-5m-1775097300,4,4,0,100.0,102.7,100.0,100.0,0.0,0.0,2.7,2.7,2026-04-02T02:40:00Z
eth,5m,eth-updown-5m-1775097000,0,0,0,100.0,0,0,0,100.0,100.0,0.0,0.0,2026-04-02T02:35:00Z
eth,5m,eth-updown-5m-1775096700,7,7,0,100.0,103.9,100.0,100.0,0.0,0.0,3.9,3.9,2026-04-02T02:30:00Z
eth,5m,eth-updown-5m-1775096400,8,8,0,100.0,103.7,100.0,100.0,0.0,0.0,3.7,3.7,2026-04-02T02:25:00Z
eth,5m,eth-updown-5m-1775096100,0,0,0,100.0,0,0,0,100.0,100.0,0.0,0.0,2026-04-02T02:20:00Z
eth,5m,eth-updown-5m-1775095800,0,0,0,100.0,0,0,0,100.0,100.0,0.0,0.0,2026-04-02T02:15:00Z
eth,5m,eth-updown-5m-1775095500,2,2,0,100.0,99.0,100.0,100.0,0.0,0.0,-1.0,-1.0,2026-04-02T02:10:00Z
eth,5m,eth-updown-5m-1775095200,0,0,0,100.0,0,0,0,100.0,100.0,0.0,0.0,2026-04-02T02:05:00Z
eth,5m,eth-updown-5m-1775094900,0,0,0,100.0,0,0,0,100.0,100.0,0.0,0.0,2026-04-02T02:00:00Z
eth,5m,eth-updown-5m-1775094600,4,4,0,100.0,104.7,100.0,100.0,0.0,0.0,4.7,4.7,2026-04-02T01:55:00Z
eth,5m,eth-updown-5m-1775094300,2,2,0,100.0,101.0,100.0,100.0,0.0,0.0,1.0,1.0,2026-04-02T01:50:00Z
eth,5m,eth-updown-5m-1775094000,0,0,0,100.0,0,0,0,100.0,100.0,0.0,0.0,2026-04-02T01:45:00Z
eth,5m,eth-updown-5m-1775093700,11,11,0,100.0,101.7,100.0,100.0,0.0,0.0,1.7,1.7,2026-04-02T01:40:00Z
eth,5m,eth-updown-5m-1775093400,0,0,0,100.0,0,0,0,100.0,100.0,0.0,0.0,2026-04-02T01:35:00Z
eth,5m,eth-updown-5m-1775093100,5,5,0,100.0,104.1,100.0,100.0,0.0,0.0,4.1,4.1,2026-04-02T01:30:00Z
eth,5m,eth-updown-5m-1775092800,0,0,0,100.0,0,0,0,100.0,100.0,0.0,0.0,2026-04-02T01:25:00Z
eth,5m,eth-updown-5m-1775092500,0,0,0,100.0,0,0,0,100.0,100.0,0.0,0.0,2026-04-02T01:20:00Z
eth,5m,eth-updown-5m-1775092200,0,0,0,100.0,0,0,0,100.0,100.0,0.0,0.0,2026-04-02T01:15:00Z
eth,5m,eth-updown-5m-1775091900,0,0,0,100.0,0,0,0,100.0,100.0,0.0,0.0,2026-04-02T01:10:00Z
eth,5m,eth-updown-5m-1775091600,0,0,0,100.0,0,0,0,100.0,100.0,0.0,0.0,2026-04-02T01:05:00Z
eth,5m,eth-updown-5m-1775091300,4,4,0,100.0,102.7,100.0,100.0,0.0,0.0,2.7,2.7,2026-04-02T01:00:00Z
eth,5m,eth-updown-5m-1775091000,0,0,0,100.0,0,0,0,100.0,100.0,0.0,0.0,2026-04-02T00:55:00Z
eth,5m,eth-updown-5m-1775090700,11,11,0,100.0,103.1,100.0,100.0,0.0,0.0,3.1,3.1,2026-04-02T00:50:00Z
eth,5m,eth-updown-5m-1775090400,0,0,0,100.0,0,0,0,100.0,100.0,0.0,0.0,2026-04-02T00:45:00Z
eth,5m,eth-updown-5m-1775090100,0,0,0,100.0,0,0,0,100.0,100.0,0.0,0.0,2026-04-02T00:40:00Z
eth,5m,eth-updown-5m-1775089800,4,4,0,100.0,102.7,100.0,100.0,0.0,0.0,2.7,2.7,2026-04-02T00:35:00Z
eth,5m,eth-updown-5m-1775089500,6,6,0,100.0,104.0,100.0,100.0,0.0,0.0,4.0,4.0,2026-04-02T00:30:00Z
eth,5m,eth-updown-5m-1775089200,3,3,0,100.0,101.9,100.0,100.0,0.0,0.0,1.9,1.9,2026-04-02T00:25:00Z
eth,5m,eth-updown-5m-1775088900,5,5,0,100.0,104.1,100.0,100.0,0.0,0.0,4.1,4.1,2026-04-02T00:20:00Z
eth,5m,eth-updown-5m-1775088600,6,6,0,100.0,103.4,100.0,100.0,0.0,0.0,3.4,3.4,2026-04-02T00:15:00Z
eth,5m,eth-updown-5m-1775088300,5,5,0,100.0,103.4,100.0,100.0,0.0,0.0,3.4,3.4,2026-04-02T00:10:00Z
eth,5m,eth-updown-5m-1775088000,2,2,0,100.0,103.0,100.0,100.0,0.0,0.0,3.0,3.0,2026-04-02T00:05:00Z
eth,5m,eth-updown-5m-1775087700,0,0,0,100.0,0,0,0,100.0,100.0,0.0,0.0,2026-04-02T00:00:00Z
eth,5m,eth-updown-5m-1775087400,7,7,0,100.0,104.1,100.0,100.0,0.0,0.0,4.1,4.1,2026-04-01T23:55:00Z
eth,5m,eth-updown-5m-1775087100,1,1,0,100.0,6.0,100.0,0,0.0,100.0,-94.0,6.0,2026-04-01T23:50:00Z
eth,5m,eth-updown-5m-1775086800,3,3,0,100.0,101.9,100.0,100.0,0.0,0.0,1.9,1.9,2026-04-01T23:45:00Z
eth,5m,eth-updown-5m-1775086500,0,0,0,100.0,0,0,0,100.0,100.0,0.0,0.0,2026-04-01T23:40:00Z
eth,5m,eth-updown-5m-1775086200,2,2,0,100.0,54.0,100.0,100.0,0.0,0.0,-46.0,-46.0,2026-04-01T23:35:00Z
eth,5m,eth-updown-5m-1775085900,6,6,0,100.0,104.0,100.0,100.0,0.0,0.0,4.0,4.0,2026-04-01T23:30:00Z
eth,5m,eth-updown-5m-1775085600,11,11,0,100.0,103.1,100.0,100.0,0.0,0.0,3.1,3.1,2026-04-01T23:25:00Z
eth,5m,eth-updown-5m-1775085300,0,0,0,100.0,0,0,0,100.0,100.0,0.0,0.0,2026-04-01T23:20:00Z
eth,5m,eth-updown-5m-1775085000,5,5,0,100.0,104.3,100.0,100.0,0.0,0.0,4.3,4.3,2026-04-01T23:15:00Z
eth,5m,eth-updown-5m-1775084700,2,2,0,100.0,48.0,100.0,100.0,0.0,0.0,-52.0,-52.0,2026-04-01T23:10:00Z
eth,5m,eth-updown-5m-1775084400,0,0,0,100.0,0,0,0,100.0,100.0,0.0,0.0,2026-04-01T23:05:00Z
eth,5m,eth-updown-5m-1775084100,2,2,0,100.0,102.0,100.0,100.0,0.0,0.0,2.0,2.0,2026-04-01T23:00:00Z
eth,5m,eth-updown-5m-1775083800,0,0,0,100.0,0,0,0,100.0,100.0,0.0,0.0,2026-04-01T22:55:00Z
eth,5m,eth-updown-5m-1775083500,0,0,0,100.0,0,0,0,100.0,100.0,0.0,0.0,2026-04-01T22:50:00Z
eth,5m,eth-updown-5m-1775083200,5,5,0,100.0,103.47,100.0,100.0,0.0,0.0,3.47,3.47,2026-04-01T22:45:00Z
eth,5m,eth-updown-5m-1775082900,6,6,0,100.0,103.54,100.0,100.0,0.0,0.0,3.54,3.54,2026-04-01T22:40:00Z
eth,5m,eth-updown-5m-1775082600,2,2,0,100.0,44.0,100.0,100.0,0.0,0.0,-56.0,-56.0,2026-04-01T22:35:00Z
eth,5m,eth-updown-5m-1775082300,0,0,0,100.0,0,0,0,100.0,100.0,0.0,0.0,2026-04-01T22:30:00Z
eth,5m,eth-updown-5m-1775082000,0,0,0,100.0,0,0,0,100.0,100.0,0.0,0.0,2026-04-01T22:25:00Z
eth,5m,eth-updown-5m-1775081700,0,0,0,100.0,0,0,0,100.0,100.0,0.0,0.0,2026-04-01T22:20:00Z
eth,5m,eth-updown-5m-1775081400,0,0,0,100.0,0,0,0,100.0,100.0,0.0,0.0,2026-04-01T22:15:00Z
eth,5m,eth-updown-5m-1775081100,6,6,0,100.0,104.0,100.0,100.0,0.0,0.0,4.0,4.0,2026-04-01T22:10:00Z
eth,5m,eth-updown-5m-1775080800,0,0,0,100.0,0,0,0,100.0,100.0,0.0,0.0,2026-04-01T22:05:00Z
eth,5m,eth-updown-5m-1775080500,0,0,0,100.0,0,0,0,100.0,100.0,0.0,0.0,2026-04-01T22:00:00Z
eth,5m,eth-updown-5m-1775080200,3,3,0,100.0,103.7,100.0,100.0,0.0,0.0,3.7,3.7,2026-04-01T21:55:00Z
eth,5m,eth-updown-5m-1775079900,2,2,0,100.0,101.0,100.0,100.0,0.0,0.0,1.0,1.0,2026-04-01T21:50:00Z
eth,5m,eth-updown-5m-1775079600,6,6,0,100.0,104.0,100.0,100.0,0.0,0.0,4.0,4.0,2026-04-01T21:45:00Z
eth,5m,eth-updown-5m-1775079300,5,5,0,100.0,103.4,100.0,100.0,0.0,0.0,3.4,3.4,2026-04-01T21:40:00Z
eth,5m,eth-updown-5m-1775079000,0,0,0,100.0,0,0,0,100.0,100.0,0.0,0.0,2026-04-01T21:35:00Z
eth,5m,eth-updown-5m-1775078700,0,0,0,100.0,0,0,0,100.0,100.0,0.0,0.0,2026-04-01T21:30:00Z
eth,5m,eth-updown-5m-1775078400,2,2,0,100.0,101.0,100.0,100.0,0.0,0.0,1.0,1.0,2026-04-01T21:25:00Z
eth,5m,eth-updown-5m-1775078100,5,5,0,100.0,103.4,100.0,100.0,0.0,0.0,3.4,3.4,2026-04-01T21:20:00Z
eth,5m,eth-updown-5m-1775077800,0,0,0,100.0,0,0,0,100.0,100.0,0.0,0.0,2026-04-01T21:15:00Z
eth,5m,eth-updown-5m-1775077500,0,0,0,100.0,0,0,0,100.0,100.0,0.0,0.0,2026-04-01T21:10:00Z
eth,5m,eth-updown-5m-1775077200,0,0,0,100.0,0,0,0,100.0,100.0,0.0,0.0,2026-04-01T21:05:00Z
eth,5m,eth-updown-5m-1775076900,0,0,0,100.0,0,0,0,100.0,100.0,0.0,0.0,2026-04-01T21:00:00Z
eth,5m,eth-updown-5m-1775076600,0,0,0,100.0,0,0,0,100.0,100.0,0.0,0.0,2026-04-01T20:55:00Z
eth,5m,eth-updown-5m-1775076300,5,5,0,100.0,103.4,100.0,100.0,0.0,0.0,3.4,3.4,2026-04-01T20:50:00Z
eth,5m,eth-updown-5m-1775076000,0,0,0,100.0,0,0,0,100.0,100.0,0.0,0.0,2026-04-01T20:45:00Z
eth,5m,eth-updown-5m-1775075700,0,0,0,100.0,0,0,0,100.0,100.0,0.0,0.0,2026-04-01T20:40:00Z
eth,5m,eth-updown-5m-1775075400,4,4,0,100.0,102.7,100.0,100.0,0.0,0.0,2.7,2.7,2026-04-01T20:35:00Z
eth,5m,eth-updown-5m-1775075100,0,0,0,100.0,0,0,0,100.0,100.0,0.0,0.0,2026-04-01T20:30:00Z
eth,5m,eth-updown-5m-1775074800,0,0,0,100.0,0,0,0,100.0,100.0,0.0,0.0,2026-04-01T20:25:00Z
eth,5m,eth-updown-5m-1775074500,5,5,0,100.0,103.4,100.0,100.0,0.0,0.0,3.4,3.4,2026-04-01T20:20:00Z
eth,5m,eth-updown-5m-1775074200,11,11,0,100.0,102.7,100.0,100.0,0.0,0.0,2.7,2.7,2026-04-01T20:15:00Z
eth,5m,eth-updown-5m-1775073900,0,0,0,100.0,0,0,0,100.0,100.0,0.0,0.0,2026-04-01T20:10:00Z
eth,5m,eth-updown-5m-1775073600,0,0,0,100.0,0,0,0,100.0,100.0,0.0,0.0,2026-04-01T20:05:00Z
eth,5m,eth-updown-5m-1775073300,0,0,0,100.0,0,0,0,100.0,100.0,0.0,0.0,2026-04-01T20:00:00Z
eth,5m,eth-updown-5m-1775073000,2,2,0,100.0,100.0,100.0,100.0,0.0,0.0,0.0,0.0,2026-04-01T19:55:00Z
eth,5m,eth-updown-5m-1775072700,0,0,0,100.0,0,0,0,100.0,100.0,0.0,0.0,2026-04-01T19:50:00Z
eth,5m,eth-updown-5m-1775072400,5,5,0,100.0,103.4,100.0,100.0,0.0,0.0,3.4,3.4,2026-04-01T19:45:00Z
eth,5m,eth-updown-5m-1775072100,0,0,0,100.0,0,0,0,100.0,100.0,0.0,0.0,2026-04-01T19:40:00Z
eth,5m,eth-updown-5m-1775071800,0,0,0,100.0,0,0,0,100.0,100.0,0.0,0.0,2026-04-01T19:35:00Z
eth,5m,eth-updown-5m-1775071500,0,0,0,100.0,0,0,0,100.0,100.0,0.0,0.0,2026-04-01T19:30:00Z
eth,5m,eth-updown-5m-1775071200,6,6,0,100.0,104.5,100.0,100.0,0.0,0.0,4.5,4.5,2026-04-01T19:25:00Z
eth,5m,eth-updown-5m-1775070900,0,0,0,100.0,0,0,0,100.0,100.0,0.0,0.0,2026-04-01T19:20:00Z
eth,5m,eth-updown-5m-1775070600,6,6,0,100.0,104.0,100.0,100.0,0.0,0.0,4.0,4.0,2026-04-01T19:15:00Z
eth,5m,eth-updown-5m-1775070300,3,3,0,100.0,101.9,100.0,100.0,0.0,0.0,1.9,1.9,2026-04-01T19:10:00Z
eth,5m,eth-updown-5m-1775070000,4,4,0,100.0,102.7,100.0,100.0,0.0,0.0,2.7,2.7,2026-04-01T19:05:00Z
eth,5m,eth-updown-5m-1775069700,11,11,0,100.0,102.3,100.0,100.0,0.0,0.0,2.3,2.3,2026-04-01T19:00:00Z
eth,5m,eth-updown-5m-1775069400,4,4,0,100.0,102.7,100.0,100.0,0.0,0.0,2.7,2.7,2026-04-01T18:55:00Z
eth,5m,eth-updown-5m-1775069100,0,0,0,100.0,0,0,0,100.0,100.0,0.0,0.0,2026-04-01T18:50:00Z
eth,5m,eth-updown-5m-1775068800,11,11,0,100.0,103.06,100.0,100.0,0.0,0.0,3.06,3.06,2026-04-01T18:45:00Z
eth,5m,eth-updown-5m-1775068500,2,2,0,100.0,15.5,10.0,100.0,90.0,0.0,5.5,-84.5,2026-04-01T18:40:00Z
eth,5m,eth-updown-5m-1775068200,4,4,0,100.0,102.7,100.0,100.0,0.0,0.0,2.7,2.7,2026-04-01T18:35:00Z
eth,5m,eth-updown-5m-1775067900,0,0,0,100.0,0,0,0,100.0,100.0,0.0,0.0,2026-04-01T18:30:00Z
eth,5m,eth-updown-5m-1775067600,0,0,0,100.0,0,0,0,100.0,100.0,0.0,0.0,2026-04-01T18:25:00Z
eth,5m,eth-updown-5m-1775067300,0,0,0,100.0,0,0,0,100.0,100.0,0.0,0.0,2026-04-01T18:20:00Z
eth,5m,eth-updown-5m-1775067000,0,0,0,100.0,0,0,0,100.0,100.0,0.0,0.0,2026-04-01T18:15:00Z
eth,5m,eth-updown-5m-1775066700,2,2,0,100.0,101.0,100.0,100.0,0.0,0.0,1.0,1.0,2026-04-01T18:10:00Z
eth,5m,eth-updown-5m-1775066400,0,0,0,100.0,0,0,0,100.0,100.0,0.0,0.0,2026-04-01T18:05:00Z
eth,5m,eth-updown-5m-1775066100,3,3,0,100.0,101.9,100.0,100.0,0.0,0.0,1.9,1.9,2026-04-01T18:00:00Z
eth,5m,eth-updown-5m-1775065800,5,5,0,100.0,103.4,100.0,100.0,0.0,0.0,3.4,3.4,2026-04-01T17:55:00Z
eth,5m,eth-updown-5m-1775065500,0,0,0,100.0,0,0,0,100.0,100.0,0.0,0.0,2026-04-01T17:50:00Z
eth,5m,eth-updown-5m-1775065200,3,3,0,100.0,101.9,100.0,100.0,0.0,0.0,1.9,1.9,2026-04-01T17:45:00Z
eth,5m,eth-updown-5m-1775064900,0,0,0,100.0,0,0,0,100.0,100.0,0.0,0.0,2026-04-01T17:40:00Z
eth,5m,eth-updown-5m-1775064600,3,3,0,100.0,101.9,100.0,100.0,0.0,0.0,1.9,1.9,2026-04-01T17:35:00Z
eth,5m,eth-updown-5m-1775064300,0,0,0,100.0,0,0,0,100.0,100.0,0.0,0.0,2026-04-01T17:30:00Z
eth,5m,eth-updown-5m-1775064000,0,0,0,100.0,0,0,0,100.0,100.0,0.0,0.0,2026-04-01T17:25:00Z
eth,5m,eth-updown-5m-1775063700,11,11,0,100.0,101.5,100.0,100.0,0.0,0.0,1.5,1.5,2026-04-01T17:20:00Z
eth,5m,eth-updown-5m-1775063400,0,0,0,100.0,0,0,0,100.0,100.0,0.0,0.0,2026-04-01T17:15:00Z
eth,5m,eth-updown-5m-1775063100,0,0,0,100.0,0,0,0,100.0,100.0,0.0,0.0,2026-04-01T17:10:00Z
eth,5m,eth-updown-5m-1775062800,0,0,0,100.0,0,0,0,100.0,100.0,0.0,0.0,2026-04-01T17:05:00Z
eth,5m,eth-updown-5m-1775062500,6,6,0,100.0,104.0,100.0,100.0,0.0,0.0,4.0,4.0,2026-04-01T17:00:00Z
eth,5m,eth-updown-5m-1775062200,6,6,0,100.0,104.0,100.0,100.0,0.0,0.0,4.0,4.0,2026-04-01T16:55:00Z
eth,5m,eth-updown-5m-1775061900,6,6,0,100.0,102.4,100.0,100.0,0.0,0.0,2.4,2.4,2026-04-01T16:50:00Z
eth,5m,eth-updown-5m-1775061600,0,0,0,100.0,0,0,0,100.0,100.0,0.0,0.0,2026-04-01T16:45:00Z
eth,5m,eth-updown-5m-1775061300,0,0,0,100.0,0,0,0,100.0,100.0,0.0,0.0,2026-04-01T16:40:00Z
eth,5m,eth-updown-5m-1775061000,2,2,0,100.0,103.0,100.0,100.0,0.0,0.0,3.0,3.0,2026-04-01T16:35:00Z
eth,5m,eth-updown-5m-1775060700,0,0,0,100.0,0,0,0,100.0,100.0,0.0,0.0,2026-04-01T16:30:00Z
eth,5m,eth-updown-5m-1775060400,0,0,0,100.0,0,0,0,100.0,100.0,0.0,0.0,2026-04-01T16:25:00Z
eth,5m,eth-updown-5m-1775060100,0,0,0,100.0,0,0,0,100.0,100.0,0.0,0.0,2026-04-01T16:20:00Z
eth,5m,eth-updown-5m-1775059800,0,0,0,100.0,0,0,0,100.0,100.0,0.0,0.0,2026-04-01T16:15:00Z
eth,5m,eth-updown-5m-1775059500,2,2,0,100.0,54.0,100.0,100.0,0.0,0.0,-46.0,-46.0,2026-04-01T16:10:00Z
eth,5m,eth-updown-5m-1775059200,0,0,0,100.0,0,0,0,100.0,100.0,0.0,0.0,2026-04-01T16:05:00Z
eth,5m,eth-updown-5m-1775058900,4,4,0,100.0,102.7,100.0,100.0,0.0,0.0,2.7,2.7,2026-04-01T16:00:00Z
eth,5m,eth-updown-5m-1775058600,0,0,0,100.0,0,0,0,100.0,100.0,0.0,0.0,2026-04-01T15:55:00Z
eth,5m,eth-updown-5m-1775058300,11,11,0,100.0,101.6,100.0,100.0,0.0,0.0,1.6,1.6,2026-04-01T15:50:00Z
eth,5m,eth-updown-5m-1775058000,9,9,0,100.0,103.1,100.0,100.0,0.0,0.0,3.1,3.1,2026-04-01T15:45:00Z
eth,5m,eth-updown-5m-1775057700,0,0,0,100.0,0,0,0,100.0,100.0,0.0,0.0,2026-04-01T15:40:00Z
eth,5m,eth-updown-5m-1775057400,9,9,0,100.0,102.4,100.0,100.0,0.0,0.0,2.4,2.4,2026-04-01T15:35:00Z
eth,5m,eth-updown-5m-1775057100,0,0,0,100.0,0,0,0,100.0,100.0,0.0,0.0,2026-04-01T15:30:00Z
eth,5m,eth-updown-5m-1775056800,0,0,0,100.0,0,0,0,100.0,100.0,0.0,0.0,2026-04-01T15:25:00Z
eth,5m,eth-updown-5m-1775056500,0,0,0,100.0,0,0,0,100.0,100.0,0.0,0.0,2026-04-01T15:20:00Z
eth,5m,eth-updown-5m-1775056200,0,0,0,100.0,0,0,0,100.0,100.0,0.0,0.0,2026-04-01T15:15:00Z
eth,5m,eth-updown-5m-1775055900,11,11,0,100.0,101.9,100.0,100.0,0.0,0.0,1.9,1.9,2026-04-01T15:10:00Z
eth,5m,eth-updown-5m-1775055600,11,11,0,100.0,102.7,100.0,100.0,0.0,0.0,2.7,2.7,2026-04-01T15:05:00Z
eth,5m,eth-updown-5m-1775055300,6,6,0,100.0,104.0,100.0,100.0,0.0,0.0,4.0,4.0,2026-04-01T15:00:00Z
eth,5m,eth-updown-5m-1775055000,4,4,0,100.0,102.7,100.0,100.0,0.0,0.0,2.7,2.7,2026-04-01T14:55:00Z
eth,5m,eth-updown-5m-1775054700,0,0,0,100.0,0,0,0,100.0,100.0,0.0,0.0,2026-04-01T14:50:00Z
eth,5m,eth-updown-5m-1775054400,2,2,0,100.0,105.0,100.0,100.0,0.0,0.0,5.0,5.0,2026-04-01T14:45:00Z
eth,5m,eth-updown-5m-1775054100,0,0,0,100.0,0,0,0,100.0,100.0,0.0,0.0,2026-04-01T14:40:00Z
eth,5m,eth-updown-5m-1775053800,0,0,0,100.0,0,0,0,100.0,100.0,0.0,0.0,2026-04-01T14:35:00Z
eth,5m,eth-updown-5m-1775053500,0,0,0,100.0,0,0,0,100.0,100.0,0.0,0.0,2026-04-01T14:30:00Z
eth,5m,eth-updown-5m-1775053200,4,4,0,100.0,104.5,100.0,100.0,0.0,0.0,4.5,4.5,2026-04-01T14:25:00Z
eth,5m,eth-updown-5m-1775052900,4,4,0,100.0,104.3,100.0,100.0,0.0,0.0,4.3,4.3,2026-04-01T14:20:00Z
eth,5m,eth-updown-5m-1775052600,4,4,0,100.0,102.7,100.0,100.0,0.0,0.0,2.7,2.7,2026-04-01T14:15:00Z
eth,5m,eth-updown-5m-1775052300,6,6,0,100.0,104.0,100.0,100.0,0.0,0.0,4.0,4.0,2026-04-01T14:10:00Z
eth,5m,eth-updown-5m-1775052000,11,11,0,100.0,102.1,100.0,100.0,0.0,0.0,2.1,2.1,2026-04-01T14:05:00Z
eth,5m,eth-updown-5m-1775051700,5,5,0,100.0,103.4,100.0,100.0,0.0,0.0,3.4,3.4,2026-04-01T14:00:00Z
eth,5m,eth-updown-5m-1775051400,0,0,0,100.0,0,0,0,100.0,100.0,0.0,0.0,2026-04-01T13:55:00Z
eth,5m,eth-updown-5m-1775051100,3,3,0,100.0,102.8,100.0,100.0,0.0,0.0,2.8,2.8,2026-04-01T13:50:00Z
eth,5m,eth-updown-5m-1775050800,0,0,0,100.0,0,0,0,100.0,100.0,0.0,0.0,2026-04-01T13:45:00Z
eth,5m,eth-updown-5m-1775050500,3,3,0,100.0,101.9,100.0,100.0,0.0,0.0,1.9,1.9,2026-04-01T13:40:00Z
eth,5m,eth-updown-5m-1775050200,4,4,0,100.0,102.7,100.0,100.0,0.0,0.0,2.7,2.7,2026-04-01T13:35:00Z
eth,5m,eth-updown-5m-1775049900,0,0,0,100.0,0,0,0,100.0,100.0,0.0,0.0,2026-04-01T13:30:00Z
eth,5m,eth-updown-5m-1775049600,4,4,0,100.0,102.7,100.0,100.0,0.0,0.0,2.7,2.7,2026-04-01T13:25:00Z
eth,5m,eth-updown-5m-1775049300,0,0,0,100.0,0,0,0,100.0,100.0,0.0,0.0,2026-04-01T13:20:00Z
eth,5m,eth-updown-5m-1775049000,0,0,0,100.0,0,0,0,100.0,100.0,0.0,0.0,2026-04-01T13:15:00Z
eth,5m,eth-updown-5m-1775048700,0,0,0,100.0,0,0,0,100.0,100.0,0.0,0.0,2026-04-01T13:10:00Z
eth,5m,eth-updown-5m-1775048400,0,0,0,100.0,0,0,0,100.0,100.0,0.0,0.0,2026-04-01T13:05:00Z
eth,5m,eth-updown-5m-1775048100,5,5,0,100.0,103.4,100.0,100.0,0.0,0.0,3.4,3.4,2026-04-01T13:00:00Z
eth,5m,eth-updown-5m-1775047800,3,3,0,100.0,101.9,100.0,100.0,0.0,0.0,1.9,1.9,2026-04-01T12:55:00Z
eth,5m,eth-updown-5m-1775047500,0,0,0,100.0,0,0,0,100.0,100.0,0.0,0.0,2026-04-01T12:50:00Z
eth,5m,eth-updown-5m-1775047200,2,2,0,100.0,99.0,100.0,100.0,0.0,0.0,-1.0,-1.0,2026-04-01T12:45:00Z
eth,5m,eth-updown-5m-1775046900,0,0,0,100.0,0,0,0,100.0,100.0,0.0,0.0,2026-04-01T12:40:00Z
eth,5m,eth-updown-5m-1775046600,0,0,0,100.0,0,0,0,100.0,100.0,0.0,0.0,2026-04-01T12:35:00Z
eth,5m,eth-updown-5m-1775046300,10,10,0,100.0,102.6,100.0,100.0,0.0,0.0,2.6,2.6,2026-04-01T12:30:00Z
eth,5m,eth-updown-5m-1775046000,0,0,0,100.0,0,0,0,100.0,100.0,0.0,0.0,2026-04-01T12:25:00Z
eth,5m,eth-updown-5m-1775045700,0,0,0,100.0,0,0,0,100.0,100.0,0.0,0.0,2026-04-01T12:20:00Z
eth,5m,eth-updown-5m-1775045400,0,0,0,100.0,0,0,0,100.0,100.0,0.0,0.0,2026-04-01T12:15:00Z
eth,5m,eth-updown-5m-1775045100,4,4,0,100.0,102.7,100.0,100.0,0.0,0.0,2.7,2.7,2026-04-01T12:10:00Z
eth,5m,eth-updown-5m-1775044800,0,0,0,100.0,0,0,0,100.0,100.0,0.0,0.0,2026-04-01T12:05:00Z
eth,5m,eth-updown-5m-1775044500,0,0,0,100.0,0,0,0,100.0,100.0,0.0,0.0,2026-04-01T12:00:00Z
eth,5m,eth-updown-5m-1775044200,6,6,0,100.0,104.0,100.0,100.0,0.0,0.0,4.0,4.0,2026-04-01T11:55:00Z
eth,5m,eth-updown-5m-1775043900,0,0,0,100.0,0,0,0,100.0,100.0,0.0,0.0,2026-04-01T11:50:00Z
eth,5m,eth-updown-5m-1775043600,0,0,0,100.0,0,0,0,100.0,100.0,0.0,0.0,2026-04-01T11:45:00Z
eth,5m,eth-updown-5m-1775043300,0,0,0,100.0,0,0,0,100.0,100.0,0.0,0.0,2026-04-01T11:40:00Z
eth,5m,eth-updown-5m-1775043000,0,0,0,100.0,0,0,0,100.0,100.0,0.0,0.0,2026-04-01T11:35:00Z
eth,5m,eth-updown-5m-1775042700,5,5,0,100.0,104.3,100.0,100.0,0.0,0.0,4.3,4.3,2026-04-01T11:30:00Z
eth,5m,eth-updown-5m-1775042400,0,0,0,100.0,0,0,0,100.0,100.0,0.0,0.0,2026-04-01T11:25:00Z
eth,5m,eth-updown-5m-1775042100,0,0,0,100.0,0,0,0,100.0,100.0,0.0,0.0,2026-04-01T11:20:00Z
eth,5m,eth-updown-5m-1775041800,0,0,0,100.0,0,0,0,100.0,100.0,0.0,0.0,2026-04-01T11:15:00Z
eth,5m,eth-updown-5m-1775041500,0,0,0,100.0,0,0,0,100.0,100.0,0.0,0.0,2026-04-01T11:10:00Z
eth,5m,eth-updown-5m-1775041200,6,6,0,100.0,104.0,100.0,100.0,0.0,0.0,4.0,4.0,2026-04-01T11:05:00Z
eth,5m,eth-updown-5m-1775040900,2,2,0,100.0,101.0,100.0,100.0,0.0,0.0,1.0,1.0,2026-04-01T11:00:00Z
eth,5m,eth-updown-5m-1775040600,3,3,0,100.0,101.9,100.0,100.0,0.0,0.0,1.9,1.9,2026-04-01T10:55:00Z
eth,5m,eth-updown-5m-1775040300,0,0,0,100.0,0,0,0,100.0,100.0,0.0,0.0,2026-04-01T10:50:00Z
eth,5m,eth-updown-5m-1775040000,0,0,0,100.0,0,0,0,100.0,100.0,0.0,0.0,2026-04-01T10:45:00Z
eth,5m,eth-updown-5m-1775039700,4,4,0,100.0,102.7,100.0,100.0,0.0,0.0,2.7,2.7,2026-04-01T10:40:00Z
eth,5m,eth-updown-5m-1775039400,5,5,0,100.0,103.4,100.0,100.0,0.0,0.0,3.4,3.4,2026-04-01T10:35:00Z
eth,5m,eth-updown-5m-1775039100,0,0,0,100.0,0,0,0,100.0,100.0,0.0,0.0,2026-04-01T10:30:00Z
eth,5m,eth-updown-5m-1775038800,3,3,0,100.0,101.9,100.0,100.0,0.0,0.0,1.9,1.9,2026-04-01T10:25:00Z
eth,5m,eth-updown-5m-1775038500,0,0,0,100.0,0,0,0,100.0,100.0,0.0,0.0,2026-04-01T10:20:00Z
eth,5m,eth-updown-5m-1775038200,5,5,0,100.0,37.8,100.0,100.0,0.0,0.0,-62.2,-62.2,2026-04-01T10:15:00Z
eth,5m,eth-updown-5m-1775037900,2,2,0,100.0,55.0,100.0,100.0,0.0,0.0,-45.0,-45.0,2026-04-01T10:10:00Z
eth,5m,eth-updown-5m-1775037600,0,0,0,100.0,0,0,0,100.0,100.0,0.0,0.0,2026-04-01T10:05:00Z
eth,5m,eth-updown-5m-1775037300,6,6,0,100.0,104.0,100.0,100.0,0.0,0.0,4.0,4.0,2026-04-01T10:00:00Z
eth,5m,eth-updown-5m-1775037000,0,0,0,100.0,0,0,0,100.0,100.0,0.0,0.0,2026-04-01T09:55:00Z
eth,5m,eth-updown-5m-1775036700,0,0,0,100.0,0,0,0,100.0,100.0,0.0,0.0,2026-04-01T09:50:00Z
eth,5m,eth-updown-5m-1775036400,4,4,0,100.0,104.6,100.0,100.0,0.0,0.0,4.6,4.6,2026-04-01T09:45:00Z
eth,5m,eth-updown-5m-1775036100,0,0,0,100.0,0,0,0,100.0,100.0,0.0,0.0,2026-04-01T09:40:00Z
eth,5m,eth-updown-5m-1775035800,4,4,0,100.0,103.7,100.0,100.0,0.0,0.0,3.7,3.7,2026-04-01T09:35:00Z
eth,5m,eth-updown-5m-1775035500,0,0,0,100.0,0,0,0,100.0,100.0,0.0,0.0,2026-04-01T09:30:00Z
eth,5m,eth-updown-5m-1775035200,0,0,0,100.0,0,0,0,100.0,100.0,0.0,0.0,2026-04-01T09:25:00Z
eth,5m,eth-updown-5m-1775034900,10,10,0,100.0,103.3,100.0,100.0,0.0,0.0,3.3,3.3,2026-04-01T09:20:00Z
eth,5m,eth-updown-5m-1775034600,4,4,0,100.0,102.7,100.0,100.0,0.0,0.0,2.7,2.7,2026-04-01T09:15:00Z
eth,5m,eth-updown-5m-1775034300,0,0,0,100.0,0,0,0,100.0,100.0,0.0,0.0,2026-04-01T09:10:00Z
eth,5m,eth-updown-5m-1775034000,3,3,0,100.0,101.9,100.0,100.0,0.0,0.0,1.9,1.9,2026-04-01T09:05:00Z
eth,5m,eth-updown-5m-1775033700,0,0,0,100.0,0,0,0,100.0,100.0,0.0,0.0,2026-04-01T09:00:00Z
eth,5m,eth-updown-5m-1775033400,2,2,0,100.0,99.0,100.0,100.0,0.0,0.0,-1.0,-1.0,2026-04-01T08:55:00Z
eth,5m,eth-updown-5m-1775033100,3,3,0,100.0,102.9,100.0,100.0,0.0,0.0,2.9,2.9,2026-04-01T08:50:00Z
eth,5m,eth-updown-5m-1775032800,3,3,0,100.0,101.9,100.0,100.0,0.0,0.0,1.9,1.9,2026-04-01T08:45:00Z
eth,5m,eth-updown-5m-1775032500,0,0,0,100.0,0,0,0,100.0,100.0,0.0,0.0,2026-04-01T08:40:00Z
eth,5m,eth-updown-5m-1775032200,6,6,0,100.0,104.0,100.0,100.0,0.0,0.0,4.0,4.0,2026-04-01T08:35:00Z
eth,5m,eth-updown-5m-1775031900,0,0,0,100.0,0,0,0,100.0,100.0,0.0,0.0,2026-04-01T08:30:00Z
eth,5m,eth-updown-5m-1775031600,0,0,0,100.0,0,0,0,100.0,100.0,0.0,0.0,2026-04-01T08:25:00Z
eth,5m,eth-updown-5m-1775031300,0,0,0,100.0,0,0,0,100.0,100.0,0.0,0.0,2026-04-01T08:20:00Z
eth,5m,eth-updown-5m-1775031000,6,6,0,100.0,104.0,100.0,100.0,0.0,0.0,4.0,4.0,2026-04-01T08:15:00Z
eth,5m,eth-updown-5m-1775030700,0,0,0,100.0,0,0,0,100.0,100.0,0.0,0.0,2026-04-01T08:10:00Z
eth,5m,eth-updown-5m-1775030400,0,0,0,100.0,0,0,0,100.0,100.0,0.0,0.0,2026-04-01T08:05:00Z
eth,5m,eth-updown-5m-1775030100,0,0,0,100.0,0,0,0,100.0,100.0,0.0,0.0,2026-04-01T08:00:00Z
eth,5m,eth-updown-5m-1775029800,6,6,0,100.0,104.0,100.0,100.0,0.0,0.0,4.0,4.0,2026-04-01T07:55:00Z
eth,5m,eth-updown-5m-1775029500,0,0,0,100.0,0,0,0,100.0,100.0,0.0,0.0,2026-04-01T07:50:00Z
eth,5m,eth-updown-5m-1775029200,6,6,0,100.0,104.0,100.0,100.0,0.0,0.0,4.0,4.0,2026-04-01T07:45:00Z
eth,5m,eth-updown-5m-1775028900,0,0,0,100.0,0,0,0,100.0,100.0,0.0,0.0,2026-04-01T07:40:00Z
eth,5m,eth-updown-5m-1775028600,8,8,0,100.0,104.1,100.0,100.0,0.0,0.0,4.1,4.1,2026-04-01T07:35:00Z
eth,5m,eth-updown-5m-1775028300,0,0,0,100.0,0,0,0,100.0,100.0,0.0,0.0,2026-04-01T07:30:00Z
eth,5m,eth-updown-5m-1775028000,0,0,0,100.0,0,0,0,100.0,100.0,0.0,0.0,2026-04-01T07:25:00Z
eth,5m,eth-updown-5m-1775027700,0,0,0,100.0,0,0,0,100.0,100.0,0.0,0.0,2026-04-01T07:20:00Z
eth,5m,eth-updown-5m-1775027400,0,0,0,100.0,0,0,0,100.0,100.0,0.0,0.0,2026-04-01T07:15:00Z
eth,5m,eth-updown-5m-1775027100,0,0,0,100.0,0,0,0,100.0,100.0,0.0,0.0,2026-04-01T07:10:00Z
eth,5m,eth-updown-5m-1775026800,6,6,0,100.0,102.4,100.0,100.0,0.0,0.0,2.4,2.4,2026-04-01T07:05:00Z
eth,5m,eth-updown-5m-1775026500,0,0,0,100.0,0,0,0,100.0,100.0,0.0,0.0,2026-04-01T07:00:00Z
eth,5m,eth-updown-5m-1775026200,8,8,0,100.0,103.7,100.0,100.0,0.0,0.0,3.7,3.7,2026-04-01T06:55:00Z
eth,5m,eth-updown-5m-1775025900,0,0,0,100.0,0,0,0,100.0,100.0,0.0,0.0,2026-04-01T06:50:00Z
eth,5m,eth-updown-5m-1775025600,0,0,0,100.0,0,0,0,100.0,100.0,0.0,0.0,2026-04-01T06:45:00Z
eth,5m,eth-updown-5m-1775025300,11,11,0,100.0,102.7,100.0,100.0,0.0,0.0,2.7,2.7,2026-04-01T06:40:00Z
eth,5m,eth-updown-5m-1775025000,3,3,0,100.0,101.9,100.0,100.0,0.0,0.0,1.9,1.9,2026-04-01T06:35:00Z
eth,5m,eth-updown-5m-1775024700,3,3,0,100.0,101.9,100.0,100.0,0.0,0.0,1.9,1.9,2026-04-01T06:30:00Z
eth,5m,eth-updown-5m-1775024400,3,3,0,100.0,103.7,100.0,100.0,0.0,0.0,3.7,3.7,2026-04-01T06:25:00Z
eth,5m,eth-updown-5m-1775024100,2,2,0,100.0,39.0,100.0,100.0,0.0,0.0,-61.0,-61.0,2026-04-01T06:20:00Z
eth,5m,eth-updown-5m-1775023800,0,0,0,100.0,0,0,0,100.0,100.0,0.0,0.0,2026-04-01T06:15:00Z
eth,5m,eth-updown-5m-1775023500,0,0,0,100.0,0,0,0,100.0,100.0,0.0,0.0,2026-04-01T06:10:00Z
eth,5m,eth-updown-5m-1775023200,0,0,0,100.0,0,0,0,100.0,100.0,0.0,0.0,2026-04-01T06:05:00Z
eth,5m,eth-updown-5m-1775022900,0,0,0,100.0,0,0,0,100.0,100.0,0.0,0.0,2026-04-01T06:00:00Z
eth,5m,eth-updown-5m-1775022600,6,6,0,100.0,104.0,100.0,100.0,0.0,0.0,4.0,4.0,2026-04-01T05:55:00Z
eth,5m,eth-updown-5m-1775022300,5,5,0,100.0,103.4,100.0,100.0,0.0,0.0,3.4,3.4,2026-04-01T05:50:00Z
eth,5m,eth-updown-5m-1775022000,7,7,0,100.0,103.8,100.0,100.0,0.0,0.0,3.8,3.8,2026-04-01T05:45:00Z
eth,5m,eth-updown-5m-1775021700,0,0,0,100.0,0,0,0,100.0,100.0,0.0,0.0,2026-04-01T05:40:00Z
eth,5m,eth-updown-5m-1775021400,3,3,0,100.0,101.9,100.0,100.0,0.0,0.0,1.9,1.9,2026-04-01T05:35:00Z
eth,5m,eth-updown-5m-1775021100,0,0,0,100.0,0,0,0,100.0,100.0,0.0,0.0,2026-04-01T05:30:00Z
eth,5m,eth-updown-5m-1775020800,0,0,0,100.0,0,0,0,100.0,100.0,0.0,0.0,2026-04-01T05:25:00Z
eth,5m,eth-updown-5m-1775020500,0,0,0,100.0,0,0,0,100.0,100.0,0.0,0.0,2026-04-01T05:20:00Z
eth,5m,eth-updown-5m-1775020200,6,6,0,100.0,104.0,100.0,100.0,0.0,0.0,4.0,4.0,2026-04-01T05:15:00Z
eth,5m,eth-updown-5m-1775019900,0,0,0,100.0,0,0,0,100.0,100.0,0.0,0.0,2026-04-01T05:10:00Z
eth,5m,eth-updown-5m-1775019600,0,0,0,100.0,0,0,0,100.0,100.0,0.0,0.0,2026-04-01T05:05:00Z
eth,5m,eth-updown-5m-1775019300,3,3,0,100.0,101.9,100.0,100.0,0.0,0.0,1.9,1.9,2026-04-01T05:00:00Z
eth,5m,eth-updown-5m-1775019000,3,3,0,100.0,56.9,100.0,100.0,0.0,0.0,-43.1,-43.1,2026-04-01T04:55:00Z
eth,5m,eth-updown-5m-1775018700,0,0,0,100.0,0,0,0,100.0,100.0,0.0,0.0,2026-04-01T04:50:00Z
eth,5m,eth-updown-5m-1775018400,1,1,0,100.0,3.0,0,100.0,100.0,0.0,3.0,-97.0,2026-04-01T04:45:00Z
eth,5m,eth-updown-5m-1775018100,2,2,0,100.0,49.0,100.0,100.0,0.0,0.0,-51.0,-51.0,2026-04-01T04:40:00Z
eth,5m,eth-updown-5m-1775017800,2,2,0,100.0,53.0,100.0,100.0,0.0,0.0,-47.0,-47.0,2026-04-01T04:35:00Z
eth,5m,eth-updown-5m-1775017500,0,0,0,100.0,0,0,0,100.0,100.0,0.0,0.0,2026-04-01T04:30:00Z
eth,5m,eth-updown-5m-1775017200,0,0,0,100.0,0,0,0,100.0,100.0,0.0,0.0,2026-04-01T04:25:00Z
eth,5m,eth-updown-5m-1775016900,0,0,0,100.0,0,0,0,100.0,100.0,0.0,0.0,2026-04-01T04:20:00Z
eth,5m,eth-updown-5m-1775016600,3,3,0,100.0,102.9,100.0,100.0,0.0,0.0,2.9,2.9,2026-04-01T04:15:00Z
eth,5m,eth-updown-5m-1775016300,4,4,0,100.0,104.4,100.0,100.0,0.0,0.0,4.4,4.4,2026-04-01T04:10:00Z
eth,5m,eth-updown-5m-1775016000,0,0,0,100.0,0,0,0,100.0,100.0,0.0,0.0,2026-04-01T04:05:00Z
eth,5m,eth-updown-5m-1775015700,0,0,0,100.0,0,0,0,100.0,100.0,0.0,0.0,2026-04-01T04:00:00Z
eth,5m,eth-updown-5m-1775015400,3,3,0,100.0,101.9,100.0,100.0,0.0,0.0,1.9,1.9,2026-04-01T03:55:00Z
eth,5m,eth-updown-5m-1775015100,0,0,0,100.0,0,0,0,100.0,100.0,0.0,0.0,2026-04-01T03:50:00Z
eth,5m,eth-updown-5m-1775014800,0,0,0,100.0,0,0,0,100.0,100.0,0.0,0.0,2026-04-01T03:45:00Z
eth,5m,eth-updown-5m-1775014500,2,2,0,100.0,50.0,100.0,100.0,0.0,0.0,-50.0,-50.0,2026-04-01T03:40:00Z
eth,5m,eth-updown-5m-1775014200,0,0,0,100.0,0,0,0,100.0,100.0,0.0,0.0,2026-04-01T03:35:00Z
eth,5m,eth-updown-5m-1775013900,11,11,0,100.0,101.9,100.0,100.0,0.0,0.0,1.9,1.9,2026-04-01T03:30:00Z
eth,5m,eth-updown-5m-1775013600,0,0,0,100.0,0,0,0,100.0,100.0,0.0,0.0,2026-04-01T03:25:00Z
eth,5m,eth-updown-5m-1775013300,3,3,0,100.0,102.9,100.0,100.0,0.0,0.0,2.9,2.9,2026-04-01T03:20:00Z
eth,5m,eth-updown-5m-1775013000,0,0,0,100.0,0,0,0,100.0,100.0,0.0,0.0,2026-04-01T03:15:00Z
eth,5m,eth-updown-5m-1775012700,0,0,0,100.0,0,0,0,100.0,100.0,0.0,0.0,2026-04-01T03:10:00Z
eth,5m,eth-updown-5m-1775012400,0,0,0,100.0,0,0,0,100.0,100.0,0.0,0.0,2026-04-01T03:05:00Z
eth,5m,eth-updown-5m-1775012100,5,5,0,100.0,103.4,100.0,100.0,0.0,0.0,3.4,3.4,2026-04-01T03:00:00Z
eth,5m,eth-updown-5m-1775011800,0,0,0,100.0,0,0,0,100.0,100.0,0.0,0.0,2026-04-01T02:55:00Z
eth,5m,eth-updown-5m-1775011500,2,2,0,100.0,101.0,100.0,100.0,0.0,0.0,1.0,1.0,2026-04-01T02:50:00Z
eth,5m,eth-updown-5m-1775011200,8,8,0,100.0,102.7,100.0,100.0,0.0,0.0,2.7,2.7,2026-04-01T02:45:00Z
eth,5m,eth-updown-5m-1775010900,0,0,0,100.0,0,0,0,100.0,100.0,0.0,0.0,2026-04-01T02:40:00Z
eth,5m,eth-updown-5m-1775010600,3,3,0,100.0,39.8,100.0,100.0,0.0,0.0,-60.2,-60.2,2026-04-01T02:35:00Z
eth,5m,eth-updown-5m-1775010300,0,0,0,100.0,0,0,0,100.0,100.0,0.0,0.0,2026-04-01T02:30:00Z
eth,5m,eth-updown-5m-1775010000,0,0,0,100.0,0,0,0,100.0,100.0,0.0,0.0,2026-04-01T02:25:00Z
eth,5m,eth-updown-5m-1775009700,0,0,0,100.0,0,0,0,100.0,100.0,0.0,0.0,2026-04-01T02:20:00Z
eth,5m,eth-updown-5m-1775009400,0,0,0,100.0,0,0,0,100.0,100.0,0.0,0.0,2026-04-01T02:15:00Z
eth,5m,eth-updown-5m-1775009100,3,3,0,100.0,101.9,100.0,100.0,0.0,0.0,1.9,1.9,2026-04-01T02:10:00Z
eth,5m,eth-updown-5m-1775008800,0,0,0,100.0,0,0,0,100.0,100.0,0.0,0.0,2026-04-01T02:05:00Z
eth,5m,eth-updown-5m-1775008500,4,4,0,100.0,103.7,100.0,100.0,0.0,0.0,3.7,3.7,2026-04-01T02:00:00Z
eth,5m,eth-updown-5m-1775008200,0,0,0,100.0,0,0,0,100.0,100.0,0.0,0.0,2026-04-01T01:55:00Z
eth,5m,eth-updown-5m-1775007900,4,4,0,100.0,103.7,100.0,100.0,0.0,0.0,3.7,3.7,2026-04-01T01:50:00Z
eth,5m,eth-updown-5m-1775007600,11,11,0,100.0,101.6,100.0,100.0,0.0,0.0,1.6,1.6,2026-04-01T01:45:00Z
eth,5m,eth-updown-5m-1775007300,4,4,0,100.0,103.6,100.0,100.0,0.0,0.0,3.6,3.6,2026-04-01T01:40:00Z
eth,5m,eth-updown-5m-1775007000,3,3,0,100.0,102.8,100.0,100.0,0.0,0.0,2.8,2.8,2026-04-01T01:35:00Z
eth,5m,eth-updown-5m-1775006700,0,0,0,100.0,0,0,0,100.0,100.0,0.0,0.0,2026-04-01T01:30:00Z
eth,5m,eth-updown-5m-1775006400,5,5,0,100.0,103.4,100.0,100.0,0.0,0.0,3.4,3.4,2026-04-01T01:25:00Z
eth,5m,eth-updown-5m-1775006100,0,0,0,100.0,0,0,0,100.0,100.0,0.0,0.0,2026-04-01T01:20:00Z
eth,5m,eth-updown-5m-1775005800,0,0,0,100.0,0,0,0,100.0,100.0,0.0,0.0,2026-04-01T01:15:00Z
eth,5m,eth-updown-5m-1775005500,0,0,0,100.0,0,0,0,100.0,100.0,0.0,0.0,2026-04-01T01:10:00Z
eth,5m,eth-updown-5m-1775005200,0,0,0,100.0,0,0,0,100.0,100.0,0.0,0.0,2026-04-01T01:05:00Z
eth,5m,eth-updown-5m-1775004900,4,4,0,100.0,102.7,100.0,100.0,0.0,0.0,2.7,2.7,2026-04-01T01:00:00Z
eth,5m,eth-updown-5m-1775004600,0,0,0,100.0,0,0,0,100.0,100.0,0.0,0.0,2026-04-01T00:55:00Z
eth,5m,eth-updown-5m-1775004300,9,9,0,100.0,102.01,100.0,100.0,0.0,0.0,2.01,2.01,2026-04-01T00:50:00Z
eth,5m,eth-updown-5m-1775004000,0,0,0,100.0,0,0,0,100.0,100.0,0.0,0.0,2026-04-01T00:45:00Z
eth,5m,eth-updown-5m-1775003700,0,0,0,100.0,0,0,0,100.0,100.0,0.0,0.0,2026-04-01T00:40:00Z
eth,5m,eth-updown-5m-1775003400,0,0,0,100.0,0,0,0,100.0,100.0,0.0,0.0,2026-04-01T00:35:00Z
eth,5m,eth-updown-5m-1775003100,5,5,0,100.0,102.6,100.0,100.0,0.0,0.0,2.6,2.6,2026-04-01T00:30:00Z
eth,5m,eth-updown-5m-1775002800,0,0,0,100.0,0,0,0,100.0,100.0,0.0,0.0,2026-04-01T00:25:00Z
eth,5m,eth-updown-5m-1775002500,0,0,0,100.0,0,0,0,100.0,100.0,0.0,0.0,2026-04-01T00:20:00Z
eth,5m,eth-updown-5m-1775002200,0,0,0,100.0,0,0,0,100.0,100.0,0.0,0.0,2026-04-01T00:15:00Z
eth,5m,eth-updown-5m-1775001900,2,2,0,100.0,101.0,100.0,100.0,0.0,0.0,1.0,1.0,2026-04-01T00:10:00Z
eth,5m,eth-updown-5m-1775001600,3,3,0,100.0,101.9,100.0,100.0,0.0,0.0,1.9,1.9,2026-04-01T00:05:00Z
eth,5m,eth-updown-5m-1775001300,2,2,0,100.0,46.0,100.0,100.0,0.0,0.0,-54.0,-54.0,2026-04-01T00:00:00Z
eth,5m,eth-updown-5m-1775001000,0,0,0,100.0,0,0,0,100.0,100.0,0.0,0.0,2026-03-31T23:55:00Z
eth,5m,eth-updown-5m-1775000700,0,0,0,100.0,0,0,0,100.0,100.0,0.0,0.0,2026-03-31T23:50:00Z
eth,5m,eth-updown-5m-1775000400,4,4,0,100.0,102.7,100.0,100.0,0.0,0.0,2.7,2.7,2026-03-31T23:45:00Z
eth,5m,eth-updown-5m-1775000100,0,0,0,100.0,0,0,0,100.0,100.0,0.0,0.0,2026-03-31T23:40:00Z
eth,5m,eth-updown-5m-1774999800,0,0,0,100.0,0,0,0,100.0,100.0,0.0,0.0,2026-03-31T23:35:00Z
eth,5m,eth-updown-5m-1774999500,11,11,0,100.0,102.1,100.0,100.0,0.0,0.0,2.1,2.1,2026-03-31T23:30:00Z
eth,5m,eth-updown-5m-1774999200,0,0,0,100.0,0,0,0,100.0,100.0,0.0,0.0,2026-03-31T23:25:00Z
eth,5m,eth-updown-5m-1774998900,0,0,0,100.0,0,0,0,100.0,100.0,0.0,0.0,2026-03-31T23:20:00Z
eth,5m,eth-updown-5m-1774998600,0,0,0,100.0,0,0,0,100.0,100.0,0.0,0.0,2026-03-31T23:15:00Z
eth,5m,eth-updown-5m-1774998300,0,0,0,100.0,0,0,0,100.0,100.0,0.0,0.0,2026-03-31T23:10:00Z
eth,5m,eth-updown-5m-1774998000,0,0,0,100.0,0,0,0,100.0,100.0,0.0,0.0,2026-03-31T23:05:00Z
eth,5m,eth-updown-5m-1774997700,2,2,0,100.0,101.0,100.0,100.0,0.0,0.0,1.0,1.0,2026-03-31T23:00:00Z
eth,5m,eth-updown-5m-1774997400,2,2,0,100.0,102.0,100.0,100.0,0.0,0.0,2.0,2.0,2026-03-31T22:55:00Z
eth,5m,eth-updown-5m-1774997100,0,0,0,100.0,0,0,0,100.0,100.0,0.0,0.0,2026-03-31T22:50:00Z
eth,5m,eth-updown-5m-1774996800,0,0,0,100.0,0,0,0,100.0,100.0,0.0,0.0,2026-03-31T22:45:00Z
eth,5m,eth-updown-5m-1774996500,6,6,0,100.0,104.0,100.0,100.0,0.0,0.0,4.0,4.0,2026-03-31T22:40:00Z
eth,5m,eth-updown-5m-1774996200,0,0,0,100.0,0,0,0,100.0,100.0,0.0,0.0,2026-03-31T22:35:00Z
eth,5m,eth-updown-5m-1774995900,0,0,0,100.0,0,0,0,100.0,100.0,0.0,0.0,2026-03-31T22:30:00Z
eth,5m,eth-updown-5m-1774995600,3,3,0,100.0,101.9,100.0,100.0,0.0,0.0,1.9,1.9,2026-03-31T22:25:00Z
eth,5m,eth-updown-5m-1774995300,8,8,0,100.0,103.7,100.0,100.0,0.0,0.0,3.7,3.7,2026-03-31T22:20:00Z
eth,5m,eth-updown-5m-1774995000,0,0,0,100.0,0,0,0,100.0,100.0,0.0,0.0,2026-03-31T22:15:00Z
eth,5m,eth-updown-5m-1774994700,0,0,0,100.0,0,0,0,100.0,100.0,0.0,0.0,2026-03-31T22:10:00Z
eth,5m,eth-updown-5m-1774994400,6,6,0,100.0,102.4,100.0,100.0,0.0,0.0,2.4,2.4,2026-03-31T22:05:00Z
eth,5m,eth-updown-5m-1774994100,0,0,0,100.0,0,0,0,100.0,100.0,0.0,0.0,2026-03-31T22:00:00Z
eth,5m,eth-updown-5m-1774993800,0,0,0,100.0,0,0,0,100.0,100.0,0.0,0.0,2026-03-31T21:55:00Z
eth,5m,eth-updown-5m-1774993500,0,0,0,100.0,0,0,0,100.0,100.0,0.0,0.0,2026-03-31T21:50:00Z
eth,5m,eth-updown-5m-1774993200,8,8,0,100.0,103.7,100.0,100.0,0.0,0.0,3.7,3.7,2026-03-31T21:45:00Z
eth,5m,eth-updown-5m-1774992900,6,6,0,100.0,104.0,100.0,100.0,0.0,0.0,4.0,4.0,2026-03-31T21:40:00Z
eth,5m,eth-updown-5m-1774992600,0,0,0,100.0,0,0,0,100.0,100.0,0.0,0.0,2026-03-31T21:35:00Z
eth,5m,eth-updown-5m-1774992300,0,0,0,100.0,0,0,0,100.0,100.0,0.0,0.0,2026-03-31T21:30:00Z
eth,5m,eth-updown-5m-1774992000,3,3,0,100.0,102.9,100.0,100.0,0.0,0.0,2.9,2.9,2026-03-31T21:25:00Z
eth,5m,eth-updown-5m-1774991700,6,6,0,100.0,104.0,100.0,100.0,0.0,0.0,4.0,4.0,2026-03-31T21:20:00Z
eth,5m,eth-updown-5m-1774991400,2,2,0,100.0,101.0,100.0,100.0,0.0,0.0,1.0,1.0,2026-03-31T21:15:00Z
eth,5m,eth-updown-5m-1774991100,2,2,0,100.0,101.0,100.0,100.0,0.0,0.0,1.0,1.0,2026-03-31T21:10:00Z
eth,5m,eth-updown-5m-1774990800,0,0,0,100.0,0,0,0,100.0,100.0,0.0,0.0,2026-03-31T21:05:00Z
eth,5m,eth-updown-5m-1774990500,4,4,0,100.0,104.4,100.0,100.0,0.0,0.0,4.4,4.4,2026-03-31T21:00:00Z
eth,5m,eth-updown-5m-1774990200,3,3,0,100.0,101.9,100.0,100.0,0.0,0.0,1.9,1.9,2026-03-31T20:55:00Z
eth,5m,eth-updown-5m-1774989900,0,0,0,100.0,0,0,0,100.0,100.0,0.0,0.0,2026-03-31T20:50:00Z
eth,5m,eth-updown-5m-1774989600,0,0,0,100.0,0,0,0,100.0,100.0,0.0,0.0,2026-03-31T20:45:00Z
eth,5m,eth-updown-5m-1774989300,0,0,0,100.0,0,0,0,100.0,100.0,0.0,0.0,2026-03-31T20:40:00Z
